{"stats":{"minecraft:broken":{"minecraft:golden_shovel":1,"minecraft:golden_axe":1},"minecraft:killed":{"minecraft:skeleton":3,"minecraft:chicken":4,"minecraft:pig":8,"minecraft:zombie_villager":2,"minecraft:sheep":10,"minecraft:pillager":4,"minecraft:zombie":2,"minecraft:cow":11},"minecraft:crafted":{"minecraft:oak_planks":2264,"minecraft:cooked_chicken":2,"minecraft:furnace":5,"minecraft:diamond_shovel":1,"minecraft:cooked_mutton":2,"minecraft:glass":56,"minecraft:diamond_helmet":1,"minecraft:diamond_leggings":1,"minecraft:stone_pickaxe":1,"minecraft:chest":1,"minecraft:diamond_boots":1,"minecraft:wheat":477,"minecraft:cooked_beef":5,"minecraft:oak_slab":6,"minecraft:wooden_shovel":1,"minecraft:diamond_sword":1,"minecraft:emerald":161,"minecraft:cooked_porkchop":1,"minecraft:diamond_axe":2,"minecraft:crafting_table":4,"minecraft:spruce_planks":44,"minecraft:wooden_pickaxe":1,"minecraft:fletching_table":4,"minecraft:birch_planks":808,"minecraft:bucket":1,"minecraft:enchanted_book":2,"minecraft:bread":88,"minecraft:air":0,"minecraft:paper":66,"minecraft:book":14,"minecraft:diamond_pickaxe":3,"minecraft:charcoal":4,"minecraft:shield":2,"minecraft:stick":5616,"minecraft:iron_ingot":60,"minecraft:iron_pickaxe":1,"minecraft:stone_sword":1,"minecraft:iron_block":3,"minecraft:anvil":1,"minecraft:diamond_chestplate":1},"minecraft:mined":{"minecraft:tuff":4,"minecraft:white_bed":11,"minecraft:mossy_cobblestone":6,"minecraft:deepslate_diamond_ore":65,"minecraft:cobblestone_stairs":3,"minecraft:ladder":3,"minecraft:granite":16,"minecraft:grass_block":391,"minecraft:spruce_leaves":22,"minecraft:kelp":3,"minecraft:mud_bricks":14,"minecraft:composter":1,"minecraft:oxeye_daisy":2,"minecraft:spawner":1,"minecraft:hay_block":53,"minecraft:oak_trapdoor":2,"minecraft:furnace":9,"minecraft:packed_mud":1,"minecraft:carrots":20,"minecraft:iron_ore":77,"minecraft:cobbled_deepslate":2,"minecraft:andesite":19,"minecraft:anvil":1,"minecraft:fletching_table":7,"minecraft:azure_bluet":1,"minecraft:bell":3,"minecraft:potatoes":3,"minecraft:red_tulip":1,"minecraft:deepslate_iron_ore":1,"minecraft:dirt_path":89,"minecraft:oak_stairs":34,"minecraft:green_carpet":4,"minecraft:stone":421,"minecraft:light_gray_carpet":2,"minecraft:glass_pane":3,"minecraft:kelp_plant":1,"minecraft:dandelion":15,"minecraft:oak_fence":148,"minecraft:crafting_table":12,"minecraft:torch":6,"minecraft:short_grass":154,"minecraft:poppy":4,"minecraft:chest":10,"minecraft:rose_bush":2,"minecraft:lectern":2,"minecraft:glass":1,"minecraft:copper_ore":2,"minecraft:tall_grass":3,"minecraft:cobblestone":46,"minecraft:lapis_ore":8,"minecraft:sugar_cane":256,"minecraft:oak_planks":102,"minecraft:diorite":43,"minecraft:wall_torch":5,"minecraft:seagrass":3,"minecraft:white_terracotta":3,"minecraft:birch_log":204,"minecraft:wheat":11,"minecraft:white_carpet":8,"minecraft:spruce_log":2,"minecraft:birch_leaves":6,"minecraft:stripped_oak_wood":5,"minecraft:orange_tulip":1,"minecraft:yellow_bed":8,"minecraft:coal_ore":58,"minecraft:oak_log":556,"minecraft:oak_fence_gate":6,"minecraft:gravel":142,"minecraft:sand":86,"minecraft:dirt":409,"minecraft:oak_leaves":64,"minecraft:deepslate":104},"minecraft:dropped":{"minecraft:birch_planks":1,"minecraft:wheat_seeds":4,"minecraft:oak_pressure_plate":1,"minecraft:lapis_lazuli":1,"minecraft:diamond":14,"minecraft:iron_helmet":1,"minecraft:stick":6,"minecraft:emerald":38,"minecraft:packed_mud":1,"minecraft:dirt":3,"minecraft:bone_meal":9,"minecraft:iron_pickaxe":1,"minecraft:gravel":7,"minecraft:oak_trapdoor":2,"minecraft:stone_sword":1,"minecraft:raw_copper":7,"minecraft:tuff":4,"minecraft:birch_sapling":1,"minecraft:oak_planks":6,"minecraft:iron_boots":1,"minecraft:shield":1,"minecraft:mud_bricks":13,"minecraft:spruce_trapdoor":1,"minecraft:wooden_shovel":1,"minecraft:arrow":4,"minecraft:stone_pickaxe":1,"minecraft:wooden_pickaxe":2,"minecraft:lectern":2},"minecraft:used":{"minecraft:oak_fence":107,"minecraft:stone_sword":56,"minecraft:light_gray_carpet":1,"minecraft:chest":10,"minecraft:shield":61,"minecraft:white_terracotta":2,"minecraft:bell":1,"minecraft:wooden_shovel":3,"minecraft:cooked_chicken":2,"minecraft:rotten_flesh":1,"minecraft:torch":1,"minecraft:dirt":436,"minecraft:anvil":2,"minecraft:carrot":33,"minecraft:golden_shovel":33,"minecraft:granite":5,"minecraft:azure_bluet":2,"minecraft:obsidian":5,"minecraft:glass":52,"minecraft:oak_stairs":2,"minecraft:oak_sapling":2,"minecraft:furnace":12,"minecraft:egg":1,"minecraft:cooked_beef":5,"minecraft:potato":6,"minecraft:cobbled_deepslate":51,"minecraft:golden_axe":31,"minecraft:wheat_seeds":9,"minecraft:cooked_mutton":5,"minecraft:water_bucket":2,"minecraft:diorite":33,"minecraft:birch_planks":2,"minecraft:stone_pickaxe":102,"minecraft:oak_planks":246,"minecraft:wooden_pickaxe":4,"minecraft:diamond_axe":1167,"minecraft:fletching_table":11,"minecraft:sugar_cane":129,"minecraft:oak_slab":14,"minecraft:crafting_table":12,"minecraft:white_bed":10,"minecraft:diamond_pickaxe":586,"minecraft:apple":3,"minecraft:oxeye_daisy":1,"minecraft:diamond_shovel":1065,"minecraft:bread":46,"minecraft:iron_pickaxe":246,"minecraft:lectern":3,"minecraft:gravel":114,"minecraft:green_carpet":4,"minecraft:diamond_sword":26,"minecraft:cobblestone":75,"minecraft:cooked_porkchop":2,"minecraft:stripped_oak_wood":1,"minecraft:bucket":3,"minecraft:andesite":17,"minecraft:yellow_bed":8,"minecraft:oak_boat":1,"minecraft:dandelion":4},"minecraft:picked_up":{"minecraft:crafting_table":15,"minecraft:wheat":38,"minecraft:azure_bluet":3,"minecraft:anvil":1,"minecraft:chicken":4,"minecraft:ladder":3,"minecraft:diamond_sword":3,"minecraft:wooden_pickaxe":1,"minecraft:oak_stairs":35,"minecraft:shield":4,"minecraft:oak_trapdoor":2,"minecraft:string":3,"minecraft:raw_copper":7,"minecraft:white_carpet":7,"minecraft:diamond_leggings":3,"minecraft:cobbled_deepslate":263,"minecraft:beef":31,"minecraft:oak_boat":5,"minecraft:rose_bush":1,"minecraft:poppy":3,"minecraft:iron_pickaxe":1,"minecraft:lectern":5,"minecraft:sugar_cane":351,"minecraft:chest":10,"minecraft:birch_sapling":6,"minecraft:spruce_trapdoor":1,"minecraft:furnace":15,"minecraft:iron_boots":1,"minecraft:egg":1,"minecraft:stick":53,"minecraft:raw_iron":125,"minecraft:oak_fence":146,"minecraft:composter":1,"minecraft:torch":28,"minecraft:porkchop":12,"minecraft:diorite":43,"minecraft:carrot":54,"minecraft:golden_chestplate":3,"minecraft:rotten_flesh":3,"minecraft:diamond_chestplate":3,"minecraft:arrow":6,"minecraft:diamond_boots":3,"minecraft:hay_block":53,"minecraft:red_tulip":1,"minecraft:white_terracotta":3,"minecraft:mutton":42,"minecraft:white_wool":40,"minecraft:cobblestone":551,"minecraft:oxeye_daisy":3,"minecraft:birch_log":204,"minecraft:feather":6,"minecraft:mud_bricks":14,"minecraft:andesite":22,"minecraft:leather":26,"minecraft:potato":12,"minecraft:birch_planks":6,"minecraft:packed_mud":2,"minecraft:flint":13,"minecraft:tuff":4,"minecraft:oak_log":553,"minecraft:yellow_bed":8,"minecraft:cobblestone_stairs":3,"minecraft:lapis_lazuli":75,"minecraft:dirt":879,"minecraft:cooked_mutton":3,"minecraft:bone":4,"minecraft:apple":4,"minecraft:kelp":6,"minecraft:orange_tulip":1,"minecraft:wheat_seeds":102,"minecraft:bell":2,"minecraft:oak_fence_gate":6,"minecraft:iron_ingot":8,"minecraft:stripped_oak_wood":4,"minecraft:diamond_helmet":3,"minecraft:fletching_table":7,"minecraft:oak_planks":101,"minecraft:cooked_porkchop":1,"minecraft:dandelion":17,"minecraft:oak_pressure_plate":1,"minecraft:gravel":138,"minecraft:sand":86,"minecraft:spruce_sapling":4,"minecraft:white_bed":11,"minecraft:spruce_log":8,"minecraft:green_carpet":4,"minecraft:mossy_cobblestone":5,"minecraft:diamond_shovel":1,"minecraft:diamond":66,"minecraft:iron_helmet":1,"minecraft:diamond_axe":3,"minecraft:granite":17,"minecraft:bone_meal":9,"minecraft:bread":27,"minecraft:oak_sapling":22,"minecraft:light_gray_carpet":1,"minecraft:coal":152,"minecraft:diamond_pickaxe":6},"minecraft:custom":{"minecraft:mob_kills":44,"minecraft:interact_with_anvil":4,"minecraft:animals_bred":52,"minecraft:interact_with_crafting_table":57,"minecraft:bell_ring":1,"minecraft:leave_game":34,"minecraft:time_since_death":264174,"minecraft:climb_one_cm":3645,"minecraft:sprint_one_cm":941039,"minecraft:walk_one_cm":1194064,"minecraft:damage_blocked_by_shield":2613,"minecraft:drop":79,"minecraft:talked_to_villager":47,"minecraft:play_time":350273,"minecraft:deaths":3,"minecraft:sneak_time":6869,"minecraft:walk_under_water_one_cm":41257,"minecraft:boat_one_cm":121225,"minecraft:jump":3948,"minecraft:walk_on_water_one_cm":38113,"minecraft:total_world_time":350273,"minecraft:interact_with_furnace":71,"minecraft:traded_with_villager":163,"minecraft:sleep_in_bed":15,"minecraft:time_since_rest":7896,"minecraft:damage_taken":3083,"minecraft:damage_dealt":5846,"minecraft:swim_one_cm":78060,"minecraft:fly_one_cm":690482,"minecraft:open_chest":101,"minecraft:crouch_one_cm":26457,"minecraft:fall_one_cm":95128}},"DataVersion":3839}