{"stats":{"minecraft:mined":{"minecraft:stripped_warped_stem":1,"minecraft:white_bed":35,"minecraft:cobblestone_stairs":3,"minecraft:obsidian":11,"minecraft:granite":17,"minecraft:grass_block":406,"minecraft:mud_bricks":14,"minecraft:composter":1,"minecraft:oxeye_daisy":2,"minecraft:spawner":2,"minecraft:chorus_flower":1,"minecraft:fire":11,"minecraft:iron_ore":81,"minecraft:cobbled_deepslate":2,"minecraft:fletching_table":7,"minecraft:deepslate_lapis_ore":7,"minecraft:anvil":1,"minecraft:azure_bluet":1,"minecraft:red_tulip":1,"minecraft:dirt_path":94,"minecraft:oak_stairs":36,"minecraft:green_carpet":4,"minecraft:end_stone_bricks":3,"minecraft:kelp_plant":1,"minecraft:torch":6,"minecraft:poppy":4,"minecraft:chest":10,"minecraft:glass":3,"minecraft:cobblestone":50,"minecraft:sugar_cane":256,"minecraft:oak_planks":163,"minecraft:iron_door":3,"minecraft:wall_torch":6,"minecraft:seagrass":3,"minecraft:white_terracotta":4,"minecraft:warped_planks":65,"minecraft:wheat":11,"minecraft:birch_log":204,"minecraft:lilac":18,"minecraft:stripped_oak_wood":5,"minecraft:orange_tulip":1,"minecraft:purpur_block":1,"minecraft:smooth_stone_slab":1,"minecraft:stone_brick_stairs":1,"minecraft:oak_log":723,"minecraft:oak_fence_gate":6,"minecraft:sand":86,"minecraft:dirt":479,"minecraft:netherrack":38,"minecraft:oak_leaves":82,"minecraft:deepslate":220,"minecraft:tuff":6,"minecraft:mossy_cobblestone":6,"minecraft:deepslate_diamond_ore":65,"minecraft:end_stone":439,"minecraft:shulker_box":3,"minecraft:nether_bricks":39,"minecraft:ladder":3,"minecraft:spruce_leaves":22,"minecraft:kelp":3,"minecraft:sandstone":3,"minecraft:hay_block":53,"minecraft:oak_trapdoor":9,"minecraft:packed_mud":1,"minecraft:furnace":9,"minecraft:carrots":25,"minecraft:andesite":31,"minecraft:peony":14,"minecraft:bell":4,"minecraft:potatoes":27,"minecraft:deepslate_iron_ore":1,"minecraft:warped_stem":128,"minecraft:stripped_oak_log":42,"minecraft:chorus_plant":3,"minecraft:stone":534,"minecraft:light_gray_carpet":2,"minecraft:oak_slab":2,"minecraft:glass_pane":3,"minecraft:magenta_stained_glass":2,"minecraft:infested_stone_bricks":1,"minecraft:stone_brick_slab":1,"minecraft:dandelion":15,"minecraft:oak_fence":247,"minecraft:crafting_table":12,"minecraft:short_grass":166,"minecraft:warped_roots":1,"minecraft:rose_bush":2,"minecraft:lectern":166,"minecraft:copper_ore":2,"minecraft:tall_grass":5,"minecraft:lapis_ore":8,"minecraft:diorite":43,"minecraft:white_carpet":8,"minecraft:spruce_log":2,"minecraft:birch_leaves":6,"minecraft:yellow_bed":24,"minecraft:coal_ore":58,"minecraft:gravel":144,"minecraft:cobweb":1,"minecraft:cracked_stone_bricks":9,"minecraft:stone_bricks":21,"minecraft:mossy_stone_bricks":4,"minecraft:fern":1},"minecraft:killed_by":{"minecraft:player":1,"minecraft:ender_dragon":4},"minecraft:killed":{"minecraft:spider":2,"minecraft:shulker":6,"minecraft:skeleton":5,"minecraft:chicken":4,"minecraft:piglin":2,"minecraft:pig":8,"minecraft:zombie_villager":2,"minecraft:creeper":1,"minecraft:sheep":16,"minecraft:trader_llama":2,"minecraft:pillager":4,"minecraft:zombie":5,"minecraft:blaze":3,"minecraft:cow":79,"minecraft:wandering_trader":1,"minecraft:wither_skeleton":3,"minecraft:enderman":23},"minecraft:dropped":{"minecraft:birch_planks":1,"minecraft:diamond_axe":1,"minecraft:lapis_lazuli":1,"minecraft:oak_pressure_plate":1,"minecraft:ender_pearl":4,"minecraft:diamond":14,"minecraft:cracked_stone_bricks":1,"minecraft:emerald":38,"minecraft:packed_mud":1,"minecraft:dirt":3,"minecraft:bone_meal":9,"minecraft:iron_pickaxe":1,"minecraft:white_wool":1,"minecraft:gravel":7,"minecraft:birch_sapling":1,"minecraft:oak_planks":85,"minecraft:end_stone":120,"minecraft:arrow":68,"minecraft:stone_brick_stairs":1,"minecraft:lectern":2,"minecraft:bread":12,"minecraft:wheat_seeds":5,"minecraft:iron_helmet":1,"minecraft:stick":6,"minecraft:iron_door":2,"minecraft:paper":22,"minecraft:string":2,"minecraft:oak_trapdoor":2,"minecraft:stone_sword":1,"minecraft:raw_copper":7,"minecraft:tuff":4,"minecraft:raw_iron":2,"minecraft:iron_boots":1,"minecraft:ender_eye":15,"minecraft:diamond_sword":1,"minecraft:potato":84,"minecraft:shield":1,"minecraft:mud_bricks":13,"minecraft:spruce_trapdoor":1,"minecraft:dragon_egg":1,"minecraft:wooden_shovel":1,"minecraft:stone_bricks":1,"minecraft:stripped_warped_stem":1,"minecraft:stone_pickaxe":1,"minecraft:wooden_pickaxe":2},"minecraft:picked_up":{"minecraft:shulker_shell":4,"minecraft:wheat":38,"minecraft:anvil":1,"minecraft:lead":2,"minecraft:diamond_sword":8,"minecraft:oak_stairs":37,"minecraft:enchanted_book":3,"minecraft:stone_brick_stairs":1,"minecraft:string":8,"minecraft:raw_copper":7,"minecraft:smooth_stone_slab":1,"minecraft:diamond_leggings":7,"minecraft:cobbled_deepslate":339,"minecraft:eye_armor_trim_smithing_template":8,"minecraft:rose_bush":1,"minecraft:ender_eye":5,"minecraft:iron_pickaxe":1,"minecraft:iron_boots":1,"minecraft:furnace":15,"minecraft:stick":54,"minecraft:composter":1,"minecraft:oak_fence":243,"minecraft:torch":31,"minecraft:porkchop":12,"minecraft:diorite":43,"minecraft:warped_planks":63,"minecraft:golden_chestplate":3,"minecraft:rotten_flesh":8,"minecraft:red_tulip":1,"minecraft:chorus_flower":1,"minecraft:white_terracotta":4,"minecraft:blaze_rod":8,"minecraft:obsidian":11,"minecraft:cobblestone":665,"minecraft:birch_log":204,"minecraft:lilac":16,"minecraft:feather":6,"minecraft:cooked_beef":2,"minecraft:iron_door":3,"minecraft:water_bucket":4,"minecraft:andesite":34,"minecraft:potato":96,"minecraft:flint":13,"minecraft:tuff":5,"minecraft:lapis_lazuli":125,"minecraft:dirt":982,"minecraft:name_tag":4,"minecraft:bone":13,"minecraft:bow":3,"minecraft:wheat_seeds":104,"minecraft:orange_tulip":1,"minecraft:bell":3,"minecraft:diamond_helmet":6,"minecraft:fletching_table":7,"minecraft:mossy_stone_bricks":4,"minecraft:oak_planks":163,"minecraft:cooked_porkchop":45,"minecraft:oak_pressure_plate":1,"minecraft:sand":86,"minecraft:shulker_box":3,"minecraft:mossy_cobblestone":5,"minecraft:diamond":66,"minecraft:crossbow":1,"minecraft:granite":18,"minecraft:bone_meal":9,"minecraft:golden_apple":8,"minecraft:bread":39,"minecraft:netherrack":25,"minecraft:oak_sapling":22,"minecraft:light_gray_carpet":1,"minecraft:chorus_fruit":2,"minecraft:diamond_pickaxe":9,"minecraft:end_stone_bricks":3,"minecraft:crafting_table":16,"minecraft:azure_bluet":3,"minecraft:chicken":4,"minecraft:ladder":3,"minecraft:wooden_pickaxe":1,"minecraft:pink_wool":1,"minecraft:purpur_block":1,"minecraft:shield":7,"minecraft:oak_trapdoor":8,"minecraft:elytra":1,"minecraft:white_carpet":7,"minecraft:cracked_stone_bricks":9,"minecraft:stripped_warped_stem":1,"minecraft:beef":240,"minecraft:oak_boat":10,"minecraft:poppy":3,"minecraft:lectern":169,"minecraft:chest":11,"minecraft:sugar_cane":351,"minecraft:birch_sapling":6,"minecraft:spruce_trapdoor":1,"minecraft:egg":1,"minecraft:raw_iron":129,"minecraft:sandstone":3,"minecraft:end_stone":438,"minecraft:carrot":78,"minecraft:arrow":315,"minecraft:diamond_chestplate":7,"minecraft:peony":9,"minecraft:nether_bricks":36,"minecraft:diamond_boots":7,"minecraft:hay_block":53,"minecraft:mutton":111,"minecraft:white_wool":45,"minecraft:oxeye_daisy":3,"minecraft:stripped_oak_log":42,"minecraft:mud_bricks":14,"minecraft:leather":172,"minecraft:birch_planks":6,"minecraft:packed_mud":2,"minecraft:oak_log":720,"minecraft:yellow_bed":24,"minecraft:cobblestone_stairs":3,"minecraft:cooked_mutton":46,"minecraft:apple":4,"minecraft:stone_bricks":19,"minecraft:kelp":6,"minecraft:warped_stem":128,"minecraft:oak_fence_gate":6,"minecraft:iron_ingot":8,"minecraft:stripped_oak_wood":4,"minecraft:oak_slab":2,"minecraft:stone_brick_slab":1,"minecraft:dandelion":17,"minecraft:gravel":140,"minecraft:spruce_sapling":4,"minecraft:white_bed":35,"minecraft:spruce_log":8,"minecraft:green_carpet":6,"minecraft:dragon_egg":1,"minecraft:diamond_shovel":1,"minecraft:iron_helmet":1,"minecraft:diamond_axe":4,"minecraft:warped_roots":1,"minecraft:warped_nylium":4,"minecraft:coal":158,"minecraft:ender_pearl":43},"minecraft:broken":{"minecraft:golden_shovel":1,"minecraft:golden_axe":1},"minecraft:used":{"minecraft:chest":11,"minecraft:shield":105,"minecraft:white_terracotta":2,"minecraft:warped_sign":4,"minecraft:bell":3,"minecraft:rotten_flesh":1,"minecraft:nether_bricks":4,"minecraft:carrot":49,"minecraft:azure_bluet":2,"minecraft:obsidian":15,"minecraft:glass":52,"minecraft:bow":72,"minecraft:furnace":12,"minecraft:oak_sapling":2,"minecraft:egg":1,"minecraft:potato":6,"minecraft:diorite":33,"minecraft:end_stone_bricks":3,"minecraft:chorus_fruit":2,"minecraft:stone_pickaxe":102,"minecraft:oak_planks":279,"minecraft:ender_pearl":8,"minecraft:wooden_pickaxe":4,"minecraft:sandstone":3,"minecraft:diamond_axe":1974,"minecraft:sugar_cane":129,"minecraft:sand":4,"minecraft:end_stone":292,"minecraft:bread":118,"minecraft:lectern":169,"minecraft:iron_door":1,"minecraft:gravel":116,"minecraft:diamond_sword":307,"minecraft:stripped_oak_wood":1,"minecraft:andesite":17,"minecraft:oak_boat":6,"minecraft:oak_fence":111,"minecraft:stone_sword":56,"minecraft:light_gray_carpet":1,"minecraft:wooden_shovel":3,"minecraft:cooked_chicken":2,"minecraft:torch":34,"minecraft:dirt":480,"minecraft:anvil":4,"minecraft:shulker_box":3,"minecraft:golden_shovel":33,"minecraft:granite":5,"minecraft:oak_stairs":3,"minecraft:cooked_beef":6,"minecraft:cobbled_deepslate":77,"minecraft:golden_axe":31,"minecraft:wheat_seeds":9,"minecraft:cooked_mutton":15,"minecraft:water_bucket":15,"minecraft:birch_planks":2,"minecraft:fletching_table":11,"minecraft:oak_slab":14,"minecraft:crafting_table":14,"minecraft:white_bed":34,"minecraft:warped_planks":194,"minecraft:ender_eye":5,"minecraft:diamond_pickaxe":1433,"minecraft:apple":3,"minecraft:warped_trapdoor":4,"minecraft:oxeye_daisy":1,"minecraft:diamond_shovel":1158,"minecraft:iron_pickaxe":246,"minecraft:green_carpet":4,"minecraft:cobblestone":103,"minecraft:cooked_porkchop":2,"minecraft:bucket":16,"minecraft:yellow_bed":24,"minecraft:dandelion":4},"minecraft:custom":{"minecraft:animals_bred":52,"minecraft:interact_with_crafting_table":70,"minecraft:open_shulker_box":1,"minecraft:bell_ring":11,"minecraft:leave_game":51,"minecraft:time_since_death":108145,"minecraft:sprint_one_cm":1517557,"minecraft:damage_blocked_by_shield":5126,"minecraft:drop":112,"minecraft:talked_to_villager":302,"minecraft:play_time":600772,"minecraft:deaths":9,"minecraft:jump":6487,"minecraft:interact_with_brewingstand":1,"minecraft:walk_on_water_one_cm":43747,"minecraft:interact_with_furnace":95,"minecraft:traded_with_villager":191,"minecraft:sleep_in_bed":21,"minecraft:open_enderchest":1,"minecraft:damage_dealt":27368,"minecraft:crouch_one_cm":59334,"minecraft:mob_kills":166,"minecraft:interact_with_anvil":9,"minecraft:climb_one_cm":9793,"minecraft:walk_one_cm":2126920,"minecraft:sneak_time":15662,"minecraft:walk_under_water_one_cm":53300,"minecraft:boat_one_cm":220654,"minecraft:total_world_time":600772,"minecraft:time_since_rest":19643,"minecraft:damage_taken":10462,"minecraft:swim_one_cm":81788,"minecraft:fly_one_cm":1259341,"minecraft:open_chest":224,"minecraft:aviate_one_cm":24490,"minecraft:fall_one_cm":175041},"minecraft:crafted":{"minecraft:oak_planks":2612,"minecraft:blaze_powder":16,"minecraft:cooked_chicken":2,"minecraft:diamond_shovel":1,"minecraft:bookshelf":4,"minecraft:cooked_mutton":15,"minecraft:warped_planks":512,"minecraft:glass":56,"minecraft:diamond_helmet":1,"minecraft:diamond_leggings":1,"minecraft:bow":1,"minecraft:chest":1,"minecraft:ender_eye":15,"minecraft:oak_slab":54,"minecraft:wooden_shovel":1,"minecraft:arrow":224,"minecraft:emerald":174,"minecraft:cooked_porkchop":12,"minecraft:diamond_axe":2,"minecraft:crafting_table":5,"minecraft:spruce_planks":44,"minecraft:wooden_pickaxe":1,"minecraft:fletching_table":4,"minecraft:birch_planks":808,"minecraft:lectern":4,"minecraft:book":14,"minecraft:paper":66,"minecraft:charcoal":4,"minecraft:diamond_pickaxe":3,"minecraft:shield":2,"minecraft:stick":6080,"minecraft:warped_slab":12,"minecraft:iron_ingot":60,"minecraft:iron_pickaxe":1,"minecraft:iron_block":3,"minecraft:stone_sword":1,"minecraft:furnace":5,"minecraft:warped_trapdoor":6,"minecraft:stone_pickaxe":1,"minecraft:diamond_boots":1,"minecraft:wheat":477,"minecraft:cooked_beef":8,"minecraft:diamond_sword":1,"minecraft:bucket":1,"minecraft:enchanted_book":2,"minecraft:bread":98,"minecraft:air":0,"minecraft:warped_sign":15,"minecraft:anvil":1,"minecraft:white_bed":1,"minecraft:torch":32,"minecraft:diamond_chestplate":2}},"DataVersion":3839}