{"stats":{"minecraft:broken":{"minecraft:golden_shovel":1,"minecraft:golden_axe":1},"minecraft:killed":{"minecraft:spider":1,"minecraft:skeleton":3,"minecraft:chicken":4,"minecraft:piglin":2,"minecraft:pig":8,"minecraft:zombie_villager":2,"minecraft:sheep":15,"minecraft:pillager":4,"minecraft:zombie":2,"minecraft:wither_skeleton":3,"minecraft:blaze":3,"minecraft:enderman":13,"minecraft:cow":11},"minecraft:crafted":{"minecraft:oak_planks":2484,"minecraft:blaze_powder":16,"minecraft:cooked_chicken":2,"minecraft:furnace":5,"minecraft:diamond_shovel":1,"minecraft:cooked_mutton":15,"minecraft:glass":56,"minecraft:diamond_helmet":1,"minecraft:bow":1,"minecraft:diamond_leggings":1,"minecraft:stone_pickaxe":1,"minecraft:chest":1,"minecraft:diamond_boots":1,"minecraft:ender_eye":15,"minecraft:wheat":477,"minecraft:cooked_beef":8,"minecraft:arrow":224,"minecraft:oak_slab":6,"minecraft:wooden_shovel":1,"minecraft:diamond_sword":1,"minecraft:emerald":174,"minecraft:cooked_porkchop":12,"minecraft:diamond_axe":2,"minecraft:crafting_table":4,"minecraft:spruce_planks":44,"minecraft:wooden_pickaxe":1,"minecraft:fletching_table":4,"minecraft:birch_planks":808,"minecraft:bucket":1,"minecraft:enchanted_book":2,"minecraft:bread":98,"minecraft:air":0,"minecraft:paper":66,"minecraft:book":14,"minecraft:diamond_pickaxe":3,"minecraft:charcoal":4,"minecraft:shield":2,"minecraft:stick":6056,"minecraft:iron_ingot":60,"minecraft:iron_pickaxe":1,"minecraft:stone_sword":1,"minecraft:iron_block":3,"minecraft:anvil":1,"minecraft:diamond_chestplate":2},"minecraft:mined":{"minecraft:tuff":6,"minecraft:white_bed":11,"minecraft:mossy_cobblestone":6,"minecraft:deepslate_diamond_ore":65,"minecraft:cobblestone_stairs":3,"minecraft:nether_bricks":38,"minecraft:obsidian":11,"minecraft:ladder":3,"minecraft:granite":17,"minecraft:grass_block":393,"minecraft:sandstone":3,"minecraft:spruce_leaves":22,"minecraft:mud_bricks":14,"minecraft:composter":1,"minecraft:kelp":3,"minecraft:oxeye_daisy":2,"minecraft:spawner":1,"minecraft:hay_block":53,"minecraft:oak_trapdoor":2,"minecraft:furnace":9,"minecraft:packed_mud":1,"minecraft:carrots":25,"minecraft:fire":11,"minecraft:iron_ore":81,"minecraft:cobbled_deepslate":2,"minecraft:andesite":31,"minecraft:fletching_table":7,"minecraft:anvil":1,"minecraft:azure_bluet":1,"minecraft:bell":3,"minecraft:potatoes":27,"minecraft:red_tulip":1,"minecraft:deepslate_iron_ore":1,"minecraft:dirt_path":89,"minecraft:oak_stairs":34,"minecraft:stripped_oak_log":26,"minecraft:green_carpet":4,"minecraft:stone":511,"minecraft:oak_slab":1,"minecraft:light_gray_carpet":2,"minecraft:glass_pane":3,"minecraft:kelp_plant":1,"minecraft:dandelion":15,"minecraft:oak_fence":148,"minecraft:crafting_table":12,"minecraft:torch":6,"minecraft:short_grass":161,"minecraft:poppy":4,"minecraft:chest":10,"minecraft:rose_bush":2,"minecraft:lectern":2,"minecraft:glass":1,"minecraft:copper_ore":2,"minecraft:tall_grass":4,"minecraft:cobblestone":46,"minecraft:lapis_ore":8,"minecraft:sugar_cane":256,"minecraft:oak_planks":104,"minecraft:diorite":43,"minecraft:iron_door":2,"minecraft:wall_torch":5,"minecraft:seagrass":3,"minecraft:white_terracotta":3,"minecraft:birch_log":204,"minecraft:wheat":11,"minecraft:white_carpet":8,"minecraft:spruce_log":2,"minecraft:birch_leaves":6,"minecraft:stripped_oak_wood":5,"minecraft:orange_tulip":1,"minecraft:yellow_bed":8,"minecraft:coal_ore":58,"minecraft:oak_log":585,"minecraft:oak_fence_gate":6,"minecraft:gravel":144,"minecraft:sand":86,"minecraft:dirt":415,"minecraft:mossy_stone_bricks":3,"minecraft:cracked_stone_bricks":4,"minecraft:stone_bricks":10,"minecraft:fern":1,"minecraft:netherrack":38,"minecraft:oak_leaves":65,"minecraft:deepslate":188},"minecraft:dropped":{"minecraft:birch_planks":1,"minecraft:wheat_seeds":5,"minecraft:oak_pressure_plate":1,"minecraft:lapis_lazuli":1,"minecraft:diamond":14,"minecraft:iron_helmet":1,"minecraft:stick":6,"minecraft:emerald":38,"minecraft:packed_mud":1,"minecraft:dirt":3,"minecraft:bone_meal":9,"minecraft:iron_pickaxe":1,"minecraft:gravel":7,"minecraft:oak_trapdoor":2,"minecraft:stone_sword":1,"minecraft:raw_copper":7,"minecraft:tuff":4,"minecraft:birch_sapling":1,"minecraft:oak_planks":6,"minecraft:iron_boots":1,"minecraft:ender_eye":15,"minecraft:potato":84,"minecraft:shield":1,"minecraft:mud_bricks":13,"minecraft:spruce_trapdoor":1,"minecraft:wooden_shovel":1,"minecraft:arrow":68,"minecraft:stone_pickaxe":1,"minecraft:wooden_pickaxe":2,"minecraft:lectern":2},"minecraft:used":{"minecraft:oak_fence":107,"minecraft:stone_sword":56,"minecraft:light_gray_carpet":1,"minecraft:chest":10,"minecraft:shield":72,"minecraft:white_terracotta":2,"minecraft:bell":1,"minecraft:wooden_shovel":3,"minecraft:cooked_chicken":2,"minecraft:rotten_flesh":1,"minecraft:torch":1,"minecraft:dirt":441,"minecraft:anvil":2,"minecraft:nether_bricks":4,"minecraft:carrot":49,"minecraft:golden_shovel":33,"minecraft:granite":5,"minecraft:azure_bluet":2,"minecraft:obsidian":15,"minecraft:glass":52,"minecraft:oak_stairs":2,"minecraft:bow":1,"minecraft:oak_sapling":2,"minecraft:furnace":12,"minecraft:egg":1,"minecraft:cooked_beef":6,"minecraft:potato":6,"minecraft:cobbled_deepslate":77,"minecraft:golden_axe":31,"minecraft:cooked_mutton":5,"minecraft:wheat_seeds":9,"minecraft:water_bucket":5,"minecraft:diorite":33,"minecraft:sandstone":3,"minecraft:ender_pearl":2,"minecraft:birch_planks":2,"minecraft:stone_pickaxe":102,"minecraft:oak_planks":264,"minecraft:wooden_pickaxe":4,"minecraft:diamond_axe":1228,"minecraft:fletching_table":11,"minecraft:sugar_cane":129,"minecraft:sand":4,"minecraft:oak_slab":14,"minecraft:crafting_table":12,"minecraft:white_bed":10,"minecraft:ender_eye":5,"minecraft:diamond_pickaxe":889,"minecraft:apple":3,"minecraft:oxeye_daisy":1,"minecraft:diamond_shovel":1065,"minecraft:bread":78,"minecraft:iron_pickaxe":246,"minecraft:lectern":3,"minecraft:gravel":116,"minecraft:green_carpet":4,"minecraft:diamond_sword":136,"minecraft:cobblestone":97,"minecraft:cooked_porkchop":2,"minecraft:stripped_oak_wood":1,"minecraft:bucket":6,"minecraft:andesite":17,"minecraft:yellow_bed":8,"minecraft:oak_boat":2,"minecraft:dandelion":4},"minecraft:picked_up":{"minecraft:crafting_table":15,"minecraft:wheat":38,"minecraft:azure_bluet":3,"minecraft:chicken":4,"minecraft:ladder":3,"minecraft:anvil":1,"minecraft:diamond_sword":3,"minecraft:wooden_pickaxe":1,"minecraft:oak_stairs":35,"minecraft:shield":4,"minecraft:oak_trapdoor":2,"minecraft:string":3,"minecraft:raw_copper":7,"minecraft:white_carpet":7,"minecraft:cracked_stone_bricks":4,"minecraft:diamond_leggings":3,"minecraft:cobbled_deepslate":307,"minecraft:ender_eye":5,"minecraft:beef":31,"minecraft:oak_boat":6,"minecraft:rose_bush":1,"minecraft:poppy":3,"minecraft:iron_pickaxe":1,"minecraft:lectern":5,"minecraft:sugar_cane":351,"minecraft:chest":10,"minecraft:birch_sapling":6,"minecraft:spruce_trapdoor":1,"minecraft:furnace":15,"minecraft:iron_boots":1,"minecraft:egg":1,"minecraft:sandstone":3,"minecraft:stick":53,"minecraft:raw_iron":129,"minecraft:oak_fence":146,"minecraft:composter":1,"minecraft:torch":28,"minecraft:porkchop":12,"minecraft:diorite":43,"minecraft:carrot":70,"minecraft:golden_chestplate":3,"minecraft:rotten_flesh":3,"minecraft:diamond_chestplate":3,"minecraft:arrow":6,"minecraft:nether_bricks":35,"minecraft:diamond_boots":3,"minecraft:hay_block":53,"minecraft:red_tulip":1,"minecraft:white_terracotta":3,"minecraft:blaze_rod":8,"minecraft:obsidian":11,"minecraft:mutton":57,"minecraft:white_wool":45,"minecraft:cobblestone":639,"minecraft:oxeye_daisy":3,"minecraft:stripped_oak_log":26,"minecraft:birch_log":204,"minecraft:feather":6,"minecraft:mud_bricks":14,"minecraft:iron_door":2,"minecraft:andesite":34,"minecraft:leather":26,"minecraft:potato":96,"minecraft:birch_planks":6,"minecraft:packed_mud":2,"minecraft:flint":13,"minecraft:tuff":5,"minecraft:oak_log":582,"minecraft:yellow_bed":8,"minecraft:cobblestone_stairs":3,"minecraft:lapis_lazuli":75,"minecraft:dirt":887,"minecraft:cooked_mutton":3,"minecraft:bone":8,"minecraft:stone_bricks":8,"minecraft:apple":4,"minecraft:kelp":6,"minecraft:orange_tulip":1,"minecraft:wheat_seeds":103,"minecraft:bell":2,"minecraft:oak_fence_gate":6,"minecraft:iron_ingot":8,"minecraft:mossy_stone_bricks":3,"minecraft:stripped_oak_wood":4,"minecraft:diamond_helmet":3,"minecraft:fletching_table":7,"minecraft:oak_planks":103,"minecraft:oak_slab":1,"minecraft:cooked_porkchop":1,"minecraft:dandelion":17,"minecraft:oak_pressure_plate":1,"minecraft:gravel":140,"minecraft:sand":86,"minecraft:spruce_sapling":4,"minecraft:white_bed":11,"minecraft:spruce_log":8,"minecraft:green_carpet":4,"minecraft:mossy_cobblestone":5,"minecraft:diamond_shovel":1,"minecraft:diamond":66,"minecraft:iron_helmet":1,"minecraft:crossbow":1,"minecraft:diamond_axe":3,"minecraft:granite":18,"minecraft:bone_meal":9,"minecraft:warped_roots":1,"minecraft:warped_nylium":4,"minecraft:bread":27,"minecraft:netherrack":25,"minecraft:oak_sapling":22,"minecraft:light_gray_carpet":1,"minecraft:coal":158,"minecraft:ender_pearl":17,"minecraft:diamond_pickaxe":6},"minecraft:custom":{"minecraft:interact_with_anvil":5,"minecraft:mob_kills":71,"minecraft:animals_bred":52,"minecraft:interact_with_crafting_table":61,"minecraft:bell_ring":1,"minecraft:leave_game":35,"minecraft:time_since_death":313922,"minecraft:climb_one_cm":6031,"minecraft:sprint_one_cm":1123889,"minecraft:walk_one_cm":1377572,"minecraft:damage_blocked_by_shield":3018,"minecraft:drop":84,"minecraft:talked_to_villager":65,"minecraft:play_time":400021,"minecraft:deaths":3,"minecraft:sneak_time":8376,"minecraft:walk_under_water_one_cm":41605,"minecraft:boat_one_cm":165396,"minecraft:jump":4813,"minecraft:walk_on_water_one_cm":40060,"minecraft:total_world_time":400021,"minecraft:interact_with_furnace":94,"minecraft:traded_with_villager":191,"minecraft:sleep_in_bed":17,"minecraft:time_since_rest":25268,"minecraft:damage_taken":4719,"minecraft:damage_dealt":12575,"minecraft:swim_one_cm":78060,"minecraft:fly_one_cm":819775,"minecraft:open_chest":149,"minecraft:crouch_one_cm":30756,"minecraft:fall_one_cm":115576}},"DataVersion":3839}