{"stats":{"minecraft:broken":{"minecraft:golden_shovel":1,"minecraft:golden_axe":1},"minecraft:killed":{"minecraft:spider":1,"minecraft:skeleton":4,"minecraft:chicken":4,"minecraft:piglin":2,"minecraft:pig":8,"minecraft:zombie_villager":2,"minecraft:sheep":15,"minecraft:pillager":4,"minecraft:zombie":2,"minecraft:blaze":3,"minecraft:cow":11,"minecraft:wither_skeleton":3,"minecraft:enderman":22},"minecraft:crafted":{"minecraft:oak_planks":2484,"minecraft:blaze_powder":16,"minecraft:cooked_chicken":2,"minecraft:diamond_shovel":1,"minecraft:cooked_mutton":15,"minecraft:glass":56,"minecraft:diamond_helmet":1,"minecraft:diamond_leggings":1,"minecraft:bow":1,"minecraft:chest":1,"minecraft:ender_eye":15,"minecraft:oak_slab":6,"minecraft:wooden_shovel":1,"minecraft:arrow":224,"minecraft:emerald":174,"minecraft:cooked_porkchop":12,"minecraft:diamond_axe":2,"minecraft:crafting_table":4,"minecraft:spruce_planks":44,"minecraft:wooden_pickaxe":1,"minecraft:fletching_table":4,"minecraft:birch_planks":808,"minecraft:book":14,"minecraft:paper":66,"minecraft:charcoal":4,"minecraft:diamond_pickaxe":3,"minecraft:shield":2,"minecraft:stick":6056,"minecraft:iron_ingot":60,"minecraft:iron_pickaxe":1,"minecraft:iron_block":3,"minecraft:stone_sword":1,"minecraft:furnace":5,"minecraft:stone_pickaxe":1,"minecraft:diamond_boots":1,"minecraft:wheat":477,"minecraft:cooked_beef":8,"minecraft:diamond_sword":1,"minecraft:bucket":1,"minecraft:enchanted_book":2,"minecraft:bread":98,"minecraft:air":0,"minecraft:anvil":1,"minecraft:white_bed":1,"minecraft:diamond_chestplate":2},"minecraft:mined":{"minecraft:white_bed":11,"minecraft:cobblestone_stairs":3,"minecraft:obsidian":11,"minecraft:granite":17,"minecraft:grass_block":393,"minecraft:mud_bricks":14,"minecraft:composter":1,"minecraft:oxeye_daisy":2,"minecraft:spawner":2,"minecraft:chorus_flower":1,"minecraft:cobbled_deepslate":2,"minecraft:iron_ore":81,"minecraft:fire":11,"minecraft:anvil":1,"minecraft:fletching_table":7,"minecraft:deepslate_lapis_ore":7,"minecraft:azure_bluet":1,"minecraft:red_tulip":1,"minecraft:dirt_path":89,"minecraft:oak_stairs":34,"minecraft:green_carpet":4,"minecraft:kelp_plant":1,"minecraft:torch":6,"minecraft:poppy":4,"minecraft:chest":10,"minecraft:glass":1,"minecraft:cobblestone":46,"minecraft:oak_planks":104,"minecraft:sugar_cane":256,"minecraft:iron_door":2,"minecraft:wall_torch":6,"minecraft:seagrass":3,"minecraft:white_terracotta":3,"minecraft:wheat":11,"minecraft:birch_log":204,"minecraft:stripped_oak_wood":5,"minecraft:orange_tulip":1,"minecraft:stone_brick_stairs":1,"minecraft:smooth_stone_slab":1,"minecraft:oak_log":585,"minecraft:oak_fence_gate":6,"minecraft:sand":86,"minecraft:dirt":415,"minecraft:netherrack":38,"minecraft:deepslate":220,"minecraft:oak_leaves":65,"minecraft:tuff":6,"minecraft:mossy_cobblestone":6,"minecraft:deepslate_diamond_ore":65,"minecraft:end_stone":257,"minecraft:ladder":3,"minecraft:nether_bricks":38,"minecraft:spruce_leaves":22,"minecraft:kelp":3,"minecraft:sandstone":3,"minecraft:hay_block":53,"minecraft:oak_trapdoor":2,"minecraft:packed_mud":1,"minecraft:furnace":9,"minecraft:carrots":25,"minecraft:andesite":31,"minecraft:bell":3,"minecraft:potatoes":27,"minecraft:deepslate_iron_ore":1,"minecraft:stripped_oak_log":26,"minecraft:chorus_plant":3,"minecraft:stone":511,"minecraft:light_gray_carpet":2,"minecraft:oak_slab":1,"minecraft:glass_pane":3,"minecraft:infested_stone_bricks":1,"minecraft:stone_brick_slab":1,"minecraft:dandelion":15,"minecraft:oak_fence":148,"minecraft:crafting_table":12,"minecraft:short_grass":161,"minecraft:rose_bush":2,"minecraft:lectern":2,"minecraft:tall_grass":4,"minecraft:copper_ore":2,"minecraft:lapis_ore":8,"minecraft:diorite":43,"minecraft:white_carpet":8,"minecraft:spruce_log":2,"minecraft:birch_leaves":6,"minecraft:yellow_bed":8,"minecraft:coal_ore":58,"minecraft:gravel":144,"minecraft:cobweb":1,"minecraft:cracked_stone_bricks":9,"minecraft:stone_bricks":21,"minecraft:mossy_stone_bricks":4,"minecraft:fern":1},"minecraft:dropped":{"minecraft:birch_planks":1,"minecraft:lapis_lazuli":1,"minecraft:oak_pressure_plate":1,"minecraft:ender_pearl":4,"minecraft:diamond":14,"minecraft:cracked_stone_bricks":1,"minecraft:emerald":38,"minecraft:dirt":3,"minecraft:packed_mud":1,"minecraft:bone_meal":9,"minecraft:iron_pickaxe":1,"minecraft:white_wool":1,"minecraft:gravel":7,"minecraft:birch_sapling":1,"minecraft:oak_planks":9,"minecraft:end_stone":120,"minecraft:arrow":68,"minecraft:stone_brick_stairs":1,"minecraft:lectern":2,"minecraft:wheat_seeds":5,"minecraft:iron_helmet":1,"minecraft:stick":6,"minecraft:iron_door":2,"minecraft:paper":22,"minecraft:string":1,"minecraft:oak_trapdoor":2,"minecraft:stone_sword":1,"minecraft:raw_copper":7,"minecraft:tuff":4,"minecraft:raw_iron":2,"minecraft:iron_boots":1,"minecraft:ender_eye":15,"minecraft:potato":84,"minecraft:mud_bricks":13,"minecraft:shield":1,"minecraft:spruce_trapdoor":1,"minecraft:dragon_egg":1,"minecraft:wooden_shovel":1,"minecraft:stone_bricks":1,"minecraft:stone_pickaxe":1,"minecraft:wooden_pickaxe":2},"minecraft:used":{"minecraft:chest":10,"minecraft:shield":73,"minecraft:white_terracotta":2,"minecraft:bell":1,"minecraft:rotten_flesh":1,"minecraft:nether_bricks":4,"minecraft:carrot":49,"minecraft:azure_bluet":2,"minecraft:obsidian":15,"minecraft:glass":52,"minecraft:bow":72,"minecraft:furnace":12,"minecraft:oak_sapling":2,"minecraft:egg":1,"minecraft:potato":6,"minecraft:diorite":33,"minecraft:chorus_fruit":2,"minecraft:stone_pickaxe":102,"minecraft:oak_planks":265,"minecraft:ender_pearl":6,"minecraft:wooden_pickaxe":4,"minecraft:sandstone":3,"minecraft:diamond_axe":1228,"minecraft:sugar_cane":129,"minecraft:sand":4,"minecraft:end_stone":104,"minecraft:bread":81,"minecraft:lectern":3,"minecraft:gravel":116,"minecraft:diamond_sword":200,"minecraft:stripped_oak_wood":1,"minecraft:andesite":17,"minecraft:oak_boat":2,"minecraft:oak_fence":107,"minecraft:stone_sword":56,"minecraft:light_gray_carpet":1,"minecraft:wooden_shovel":3,"minecraft:cooked_chicken":2,"minecraft:torch":2,"minecraft:dirt":441,"minecraft:anvil":2,"minecraft:golden_shovel":33,"minecraft:granite":5,"minecraft:oak_stairs":2,"minecraft:cooked_beef":6,"minecraft:cobbled_deepslate":77,"minecraft:golden_axe":31,"minecraft:wheat_seeds":9,"minecraft:cooked_mutton":15,"minecraft:water_bucket":15,"minecraft:birch_planks":2,"minecraft:fletching_table":11,"minecraft:oak_slab":14,"minecraft:crafting_table":13,"minecraft:white_bed":11,"minecraft:ender_eye":5,"minecraft:diamond_pickaxe":1207,"minecraft:apple":3,"minecraft:diamond_shovel":1065,"minecraft:oxeye_daisy":1,"minecraft:iron_pickaxe":246,"minecraft:green_carpet":4,"minecraft:cobblestone":103,"minecraft:cooked_porkchop":2,"minecraft:bucket":16,"minecraft:yellow_bed":8,"minecraft:dandelion":4},"minecraft:picked_up":{"minecraft:wheat":38,"minecraft:anvil":1,"minecraft:diamond_sword":7,"minecraft:oak_stairs":35,"minecraft:enchanted_book":3,"minecraft:stone_brick_stairs":1,"minecraft:string":4,"minecraft:raw_copper":7,"minecraft:smooth_stone_slab":1,"minecraft:diamond_leggings":7,"minecraft:cobbled_deepslate":339,"minecraft:eye_armor_trim_smithing_template":8,"minecraft:rose_bush":1,"minecraft:ender_eye":5,"minecraft:iron_pickaxe":1,"minecraft:iron_boots":1,"minecraft:furnace":15,"minecraft:stick":53,"minecraft:composter":1,"minecraft:oak_fence":146,"minecraft:torch":31,"minecraft:porkchop":12,"minecraft:diorite":43,"minecraft:golden_chestplate":3,"minecraft:rotten_flesh":3,"minecraft:red_tulip":1,"minecraft:chorus_flower":1,"minecraft:white_terracotta":3,"minecraft:blaze_rod":8,"minecraft:obsidian":11,"minecraft:cobblestone":639,"minecraft:birch_log":204,"minecraft:feather":6,"minecraft:cooked_beef":2,"minecraft:iron_door":2,"minecraft:water_bucket":4,"minecraft:andesite":34,"minecraft:potato":96,"minecraft:flint":13,"minecraft:tuff":5,"minecraft:lapis_lazuli":125,"minecraft:dirt":887,"minecraft:name_tag":4,"minecraft:bone":10,"minecraft:bow":3,"minecraft:wheat_seeds":103,"minecraft:orange_tulip":1,"minecraft:bell":2,"minecraft:mossy_stone_bricks":4,"minecraft:fletching_table":7,"minecraft:diamond_helmet":6,"minecraft:oak_planks":110,"minecraft:cooked_porkchop":45,"minecraft:oak_pressure_plate":1,"minecraft:sand":86,"minecraft:mossy_cobblestone":5,"minecraft:diamond":66,"minecraft:crossbow":1,"minecraft:granite":18,"minecraft:bone_meal":9,"minecraft:golden_apple":8,"minecraft:bread":27,"minecraft:chorus_fruit":2,"minecraft:oak_sapling":22,"minecraft:light_gray_carpet":1,"minecraft:netherrack":25,"minecraft:diamond_pickaxe":9,"minecraft:crafting_table":16,"minecraft:azure_bluet":3,"minecraft:chicken":4,"minecraft:ladder":3,"minecraft:wooden_pickaxe":1,"minecraft:shield":7,"minecraft:oak_trapdoor":2,"minecraft:white_carpet":7,"minecraft:cracked_stone_bricks":9,"minecraft:beef":31,"minecraft:oak_boat":6,"minecraft:poppy":3,"minecraft:lectern":5,"minecraft:chest":10,"minecraft:sugar_cane":351,"minecraft:birch_sapling":6,"minecraft:spruce_trapdoor":1,"minecraft:egg":1,"minecraft:raw_iron":129,"minecraft:sandstone":3,"minecraft:end_stone":255,"minecraft:carrot":70,"minecraft:arrow":313,"minecraft:diamond_chestplate":7,"minecraft:nether_bricks":35,"minecraft:diamond_boots":7,"minecraft:hay_block":53,"minecraft:mutton":109,"minecraft:white_wool":45,"minecraft:oxeye_daisy":3,"minecraft:stripped_oak_log":26,"minecraft:mud_bricks":14,"minecraft:leather":26,"minecraft:birch_planks":6,"minecraft:packed_mud":2,"minecraft:oak_log":582,"minecraft:yellow_bed":8,"minecraft:cobblestone_stairs":3,"minecraft:cooked_mutton":46,"minecraft:apple":4,"minecraft:stone_bricks":19,"minecraft:kelp":6,"minecraft:iron_ingot":8,"minecraft:oak_fence_gate":6,"minecraft:stripped_oak_wood":4,"minecraft:oak_slab":1,"minecraft:stone_brick_slab":1,"minecraft:dandelion":17,"minecraft:gravel":140,"minecraft:spruce_sapling":4,"minecraft:white_bed":11,"minecraft:spruce_log":8,"minecraft:green_carpet":4,"minecraft:dragon_egg":1,"minecraft:diamond_shovel":1,"minecraft:iron_helmet":1,"minecraft:diamond_axe":3,"minecraft:warped_roots":1,"minecraft:warped_nylium":4,"minecraft:coal":158,"minecraft:ender_pearl":41},"minecraft:killed_by":{"minecraft:ender_dragon":4},"minecraft:custom":{"minecraft:animals_bred":52,"minecraft:interact_with_crafting_table":62,"minecraft:bell_ring":1,"minecraft:leave_game":35,"minecraft:time_since_death":19543,"minecraft:sprint_one_cm":1208256,"minecraft:damage_blocked_by_shield":3123,"minecraft:drop":105,"minecraft:talked_to_villager":65,"minecraft:play_time":436021,"minecraft:deaths":7,"minecraft:jump":5287,"minecraft:walk_on_water_one_cm":42823,"minecraft:interact_with_furnace":94,"minecraft:traded_with_villager":191,"minecraft:sleep_in_bed":17,"minecraft:damage_dealt":16088,"minecraft:crouch_one_cm":38022,"minecraft:mob_kills":81,"minecraft:interact_with_anvil":5,"minecraft:climb_one_cm":6031,"minecraft:walk_one_cm":1496210,"minecraft:sneak_time":10593,"minecraft:walk_under_water_one_cm":51654,"minecraft:boat_one_cm":165396,"minecraft:total_world_time":436021,"minecraft:time_since_rest":19673,"minecraft:damage_taken":6735,"minecraft:swim_one_cm":78724,"minecraft:fly_one_cm":1035696,"minecraft:open_chest":156,"minecraft:fall_one_cm":126046}},"DataVersion":3839}