{"stats":{"minecraft:broken":{"minecraft:golden_shovel":1,"minecraft:golden_axe":1},"minecraft:killed":{"minecraft:skeleton":2,"minecraft:chicken":4,"minecraft:pig":8,"minecraft:zombie_villager":2,"minecraft:sheep":10,"minecraft:zombie":2,"minecraft:cow":5},"minecraft:crafted":{"minecraft:oak_planks":1480,"minecraft:cooked_chicken":2,"minecraft:furnace":5,"minecraft:diamond_shovel":1,"minecraft:cooked_mutton":2,"minecraft:glass":56,"minecraft:diamond_helmet":1,"minecraft:diamond_leggings":1,"minecraft:stone_pickaxe":1,"minecraft:chest":1,"minecraft:diamond_boots":1,"minecraft:wheat":306,"minecraft:cooked_beef":5,"minecraft:oak_slab":6,"minecraft:wooden_shovel":1,"minecraft:diamond_sword":1,"minecraft:emerald":97,"minecraft:cooked_porkchop":1,"minecraft:diamond_axe":1,"minecraft:crafting_table":4,"minecraft:spruce_planks":44,"minecraft:wooden_pickaxe":1,"minecraft:fletching_table":4,"minecraft:birch_planks":532,"minecraft:bucket":1,"minecraft:enchanted_book":1,"minecraft:bread":31,"minecraft:air":0,"minecraft:paper":3,"minecraft:book":1,"minecraft:diamond_pickaxe":2,"minecraft:charcoal":4,"minecraft:shield":2,"minecraft:stick":3496,"minecraft:iron_ingot":60,"minecraft:iron_pickaxe":1,"minecraft:stone_sword":1,"minecraft:iron_block":3,"minecraft:anvil":1,"minecraft:diamond_chestplate":1},"minecraft:mined":{"minecraft:tuff":4,"minecraft:white_bed":4,"minecraft:mossy_cobblestone":6,"minecraft:deepslate_diamond_ore":51,"minecraft:cobblestone_stairs":3,"minecraft:ladder":3,"minecraft:granite":15,"minecraft:grass_block":327,"minecraft:spruce_leaves":22,"minecraft:kelp":3,"minecraft:mud_bricks":14,"minecraft:composter":1,"minecraft:oxeye_daisy":2,"minecraft:spawner":1,"minecraft:hay_block":34,"minecraft:oak_trapdoor":2,"minecraft:furnace":5,"minecraft:packed_mud":1,"minecraft:carrots":2,"minecraft:iron_ore":76,"minecraft:cobbled_deepslate":2,"minecraft:andesite":19,"minecraft:fletching_table":2,"minecraft:azure_bluet":1,"minecraft:bell":3,"minecraft:potatoes":2,"minecraft:red_tulip":1,"minecraft:dirt_path":89,"minecraft:oak_stairs":32,"minecraft:green_carpet":4,"minecraft:stone":333,"minecraft:light_gray_carpet":2,"minecraft:glass_pane":2,"minecraft:kelp_plant":1,"minecraft:dandelion":15,"minecraft:oak_fence":148,"minecraft:crafting_table":11,"minecraft:torch":6,"minecraft:short_grass":148,"minecraft:poppy":4,"minecraft:chest":2,"minecraft:rose_bush":2,"minecraft:glass":1,"minecraft:copper_ore":2,"minecraft:tall_grass":3,"minecraft:cobblestone":46,"minecraft:lapis_ore":8,"minecraft:sugar_cane":184,"minecraft:oak_planks":68,"minecraft:diorite":31,"minecraft:wall_torch":4,"minecraft:seagrass":3,"minecraft:white_terracotta":3,"minecraft:birch_log":135,"minecraft:wheat":11,"minecraft:white_carpet":8,"minecraft:spruce_log":2,"minecraft:birch_leaves":6,"minecraft:stripped_oak_wood":5,"minecraft:orange_tulip":1,"minecraft:yellow_bed":1,"minecraft:coal_ore":58,"minecraft:oak_log":360,"minecraft:oak_fence_gate":6,"minecraft:gravel":138,"minecraft:sand":86,"minecraft:dirt":375,"minecraft:oak_leaves":51,"minecraft:deepslate":76},"minecraft:dropped":{"minecraft:birch_planks":1,"minecraft:wheat_seeds":2,"minecraft:lapis_lazuli":1,"minecraft:diamond":14,"minecraft:iron_helmet":1,"minecraft:emerald":38,"minecraft:stick":6,"minecraft:packed_mud":1,"minecraft:dirt":3,"minecraft:iron_pickaxe":1,"minecraft:gravel":7,"minecraft:oak_trapdoor":2,"minecraft:stone_sword":1,"minecraft:raw_copper":7,"minecraft:tuff":4,"minecraft:birch_sapling":1,"minecraft:iron_boots":1,"minecraft:mud_bricks":13,"minecraft:shield":1,"minecraft:wooden_shovel":1,"minecraft:arrow":4,"minecraft:wooden_pickaxe":2,"minecraft:stone_pickaxe":1,"minecraft:lectern":2},"minecraft:used":{"minecraft:oak_fence":107,"minecraft:stone_sword":56,"minecraft:light_gray_carpet":1,"minecraft:chest":3,"minecraft:shield":57,"minecraft:white_terracotta":2,"minecraft:bell":1,"minecraft:wooden_shovel":3,"minecraft:cooked_chicken":2,"minecraft:rotten_flesh":1,"minecraft:torch":1,"minecraft:dirt":436,"minecraft:anvil":1,"minecraft:golden_shovel":33,"minecraft:granite":4,"minecraft:azure_bluet":2,"minecraft:obsidian":5,"minecraft:glass":52,"minecraft:oak_stairs":1,"minecraft:oak_sapling":2,"minecraft:furnace":8,"minecraft:egg":1,"minecraft:cooked_beef":5,"minecraft:potato":2,"minecraft:cobbled_deepslate":23,"minecraft:golden_axe":31,"minecraft:wheat_seeds":9,"minecraft:cooked_mutton":5,"minecraft:water_bucket":2,"minecraft:diorite":21,"minecraft:birch_planks":2,"minecraft:stone_pickaxe":102,"minecraft:oak_planks":227,"minecraft:wooden_pickaxe":4,"minecraft:diamond_axe":800,"minecraft:fletching_table":6,"minecraft:sugar_cane":129,"minecraft:oak_slab":14,"minecraft:crafting_table":11,"minecraft:white_bed":3,"minecraft:diamond_pickaxe":423,"minecraft:apple":2,"minecraft:oxeye_daisy":1,"minecraft:diamond_shovel":991,"minecraft:bread":35,"minecraft:iron_pickaxe":246,"minecraft:lectern":1,"minecraft:gravel":111,"minecraft:green_carpet":4,"minecraft:diamond_sword":19,"minecraft:cobblestone":56,"minecraft:cooked_porkchop":2,"minecraft:stripped_oak_wood":1,"minecraft:bucket":3,"minecraft:andesite":17,"minecraft:yellow_bed":1,"minecraft:oak_boat":1,"minecraft:dandelion":4},"minecraft:picked_up":{"minecraft:crafting_table":14,"minecraft:wheat":38,"minecraft:azure_bluet":3,"minecraft:chicken":4,"minecraft:ladder":3,"minecraft:diamond_sword":3,"minecraft:wooden_pickaxe":1,"minecraft:oak_stairs":34,"minecraft:shield":4,"minecraft:oak_trapdoor":2,"minecraft:string":3,"minecraft:raw_copper":7,"minecraft:white_carpet":7,"minecraft:diamond_leggings":3,"minecraft:cobbled_deepslate":235,"minecraft:beef":8,"minecraft:oak_boat":5,"minecraft:rose_bush":1,"minecraft:poppy":3,"minecraft:lectern":3,"minecraft:sugar_cane":276,"minecraft:chest":2,"minecraft:birch_sapling":6,"minecraft:furnace":11,"minecraft:iron_boots":1,"minecraft:egg":1,"minecraft:stick":48,"minecraft:raw_iron":123,"minecraft:oak_fence":146,"minecraft:composter":1,"minecraft:torch":27,"minecraft:porkchop":12,"minecraft:diorite":31,"minecraft:carrot":6,"minecraft:golden_chestplate":3,"minecraft:rotten_flesh":3,"minecraft:arrow":6,"minecraft:diamond_chestplate":3,"minecraft:diamond_boots":3,"minecraft:hay_block":34,"minecraft:red_tulip":1,"minecraft:white_terracotta":3,"minecraft:mutton":42,"minecraft:white_wool":40,"minecraft:cobblestone":463,"minecraft:oxeye_daisy":3,"minecraft:birch_log":135,"minecraft:feather":6,"minecraft:mud_bricks":14,"minecraft:andesite":22,"minecraft:leather":13,"minecraft:potato":8,"minecraft:birch_planks":6,"minecraft:packed_mud":2,"minecraft:flint":12,"minecraft:tuff":4,"minecraft:oak_log":357,"minecraft:yellow_bed":1,"minecraft:cobblestone_stairs":3,"minecraft:lapis_lazuli":75,"minecraft:dirt":783,"minecraft:cooked_mutton":3,"minecraft:bone":4,"minecraft:apple":3,"minecraft:kelp":6,"minecraft:orange_tulip":1,"minecraft:wheat_seeds":100,"minecraft:bell":2,"minecraft:oak_fence_gate":6,"minecraft:iron_ingot":8,"minecraft:diamond_helmet":3,"minecraft:stripped_oak_wood":4,"minecraft:fletching_table":2,"minecraft:oak_planks":61,"minecraft:cooked_porkchop":1,"minecraft:dandelion":17,"minecraft:gravel":135,"minecraft:sand":86,"minecraft:spruce_sapling":4,"minecraft:white_bed":4,"minecraft:spruce_log":8,"minecraft:green_carpet":4,"minecraft:mossy_cobblestone":5,"minecraft:diamond_shovel":1,"minecraft:diamond":52,"minecraft:iron_helmet":1,"minecraft:diamond_axe":3,"minecraft:granite":16,"minecraft:bread":27,"minecraft:oak_sapling":19,"minecraft:light_gray_carpet":1,"minecraft:coal":130,"minecraft:diamond_pickaxe":6},"minecraft:custom":{"minecraft:interact_with_anvil":1,"minecraft:mob_kills":33,"minecraft:animals_bred":52,"minecraft:interact_with_crafting_table":41,"minecraft:bell_ring":1,"minecraft:leave_game":30,"minecraft:time_since_death":217841,"minecraft:climb_one_cm":3346,"minecraft:sprint_one_cm":778479,"minecraft:walk_one_cm":1051216,"minecraft:damage_blocked_by_shield":2318,"minecraft:drop":60,"minecraft:talked_to_villager":35,"minecraft:play_time":303940,"minecraft:deaths":3,"minecraft:sneak_time":6687,"minecraft:walk_under_water_one_cm":30068,"minecraft:boat_one_cm":121225,"minecraft:jump":3266,"minecraft:walk_on_water_one_cm":36053,"minecraft:total_world_time":303940,"minecraft:interact_with_furnace":70,"minecraft:traded_with_villager":98,"minecraft:sleep_in_bed":12,"minecraft:time_since_rest":23185,"minecraft:damage_taken":2729,"minecraft:damage_dealt":4306,"minecraft:swim_one_cm":60457,"minecraft:fly_one_cm":556773,"minecraft:open_chest":67,"minecraft:crouch_one_cm":26242,"minecraft:fall_one_cm":81803}},"DataVersion":3839}