{"stats":{"minecraft:crafted":{"minecraft:oak_planks":1056,"minecraft:cooked_chicken":2,"minecraft:furnace":3,"minecraft:diamond_shovel":1,"minecraft:cooked_mutton":2,"minecraft:glass":52,"minecraft:diamond_helmet":1,"minecraft:diamond_leggings":1,"minecraft:stone_pickaxe":1,"minecraft:chest":1,"minecraft:diamond_boots":1,"minecraft:wheat":306,"minecraft:cooked_beef":5,"minecraft:oak_slab":6,"minecraft:wooden_shovel":1,"minecraft:diamond_sword":1,"minecraft:emerald":53,"minecraft:cooked_porkchop":1,"minecraft:diamond_axe":1,"minecraft:crafting_table":4,"minecraft:spruce_planks":44,"minecraft:wooden_pickaxe":1,"minecraft:fletching_table":4,"minecraft:birch_planks":268,"minecraft:bucket":1,"minecraft:bread":31,"minecraft:air":0,"minecraft:diamond_pickaxe":2,"minecraft:charcoal":4,"minecraft:shield":2,"minecraft:stick":2092,"minecraft:iron_ingot":6,"minecraft:iron_pickaxe":1,"minecraft:stone_sword":1,"minecraft:diamond_chestplate":1},"minecraft:killed":{"minecraft:skeleton":2,"minecraft:chicken":4,"minecraft:pig":8,"minecraft:zombie_villager":2,"minecraft:sheep":10,"minecraft:zombie":1,"minecraft:cow":4},"minecraft:dropped":{"minecraft:birch_planks":1,"minecraft:wheat_seeds":2,"minecraft:lapis_lazuli":1,"minecraft:diamond":14,"minecraft:iron_helmet":1,"minecraft:emerald":38,"minecraft:stick":6,"minecraft:packed_mud":1,"minecraft:dirt":3,"minecraft:iron_pickaxe":1,"minecraft:gravel":7,"minecraft:oak_trapdoor":2,"minecraft:stone_sword":1,"minecraft:raw_copper":7,"minecraft:tuff":4,"minecraft:birch_sapling":1,"minecraft:iron_boots":1,"minecraft:mud_bricks":13,"minecraft:shield":1,"minecraft:wooden_shovel":1,"minecraft:arrow":4,"minecraft:wooden_pickaxe":2,"minecraft:stone_pickaxe":1,"minecraft:lectern":2},"minecraft:broken":{"minecraft:golden_shovel":1,"minecraft:golden_axe":1},"minecraft:mined":{"minecraft:tuff":4,"minecraft:white_bed":4,"minecraft:mossy_cobblestone":6,"minecraft:deepslate_diamond_ore":51,"minecraft:cobblestone_stairs":3,"minecraft:ladder":3,"minecraft:granite":3,"minecraft:grass_block":326,"minecraft:spruce_leaves":22,"minecraft:kelp":3,"minecraft:mud_bricks":14,"minecraft:composter":1,"minecraft:oxeye_daisy":2,"minecraft:spawner":1,"minecraft:hay_block":34,"minecraft:oak_trapdoor":2,"minecraft:furnace":3,"minecraft:packed_mud":1,"minecraft:carrots":2,"minecraft:iron_ore":17,"minecraft:cobbled_deepslate":2,"minecraft:andesite":14,"minecraft:fletching_table":2,"minecraft:azure_bluet":1,"minecraft:bell":1,"minecraft:potatoes":1,"minecraft:red_tulip":1,"minecraft:dirt_path":89,"minecraft:oak_stairs":32,"minecraft:green_carpet":4,"minecraft:stone":147,"minecraft:light_gray_carpet":2,"minecraft:glass_pane":1,"minecraft:kelp_plant":1,"minecraft:dandelion":15,"minecraft:oak_fence":148,"minecraft:crafting_table":11,"minecraft:torch":6,"minecraft:short_grass":148,"minecraft:poppy":4,"minecraft:chest":1,"minecraft:rose_bush":2,"minecraft:glass":1,"minecraft:copper_ore":2,"minecraft:tall_grass":3,"minecraft:cobblestone":40,"minecraft:lapis_ore":2,"minecraft:sugar_cane":184,"minecraft:oak_planks":67,"minecraft:wall_torch":4,"minecraft:seagrass":3,"minecraft:birch_log":98,"minecraft:wheat":10,"minecraft:white_carpet":8,"minecraft:spruce_log":2,"minecraft:birch_leaves":5,"minecraft:stripped_oak_wood":5,"minecraft:orange_tulip":1,"minecraft:yellow_bed":1,"minecraft:coal_ore":33,"minecraft:oak_log":302,"minecraft:oak_fence_gate":6,"minecraft:gravel":133,"minecraft:sand":86,"minecraft:dirt":371,"minecraft:oak_leaves":44,"minecraft:deepslate":76},"minecraft:custom":{"minecraft:mob_kills":31,"minecraft:animals_bred":34,"minecraft:interact_with_crafting_table":33,"minecraft:bell_ring":1,"minecraft:leave_game":25,"minecraft:time_since_death":163379,"minecraft:climb_one_cm":2216,"minecraft:sprint_one_cm":655861,"minecraft:walk_one_cm":890908,"minecraft:damage_blocked_by_shield":2318,"minecraft:drop":60,"minecraft:talked_to_villager":18,"minecraft:play_time":249478,"minecraft:deaths":3,"minecraft:sneak_time":6474,"minecraft:walk_under_water_one_cm":23307,"minecraft:boat_one_cm":121225,"minecraft:jump":2986,"minecraft:walk_on_water_one_cm":32533,"minecraft:total_world_time":249478,"minecraft:interact_with_furnace":41,"minecraft:traded_with_villager":53,"minecraft:sleep_in_bed":10,"minecraft:time_since_rest":6061,"minecraft:damage_taken":2666,"minecraft:damage_dealt":3996,"minecraft:swim_one_cm":51848,"minecraft:fly_one_cm":529943,"minecraft:open_chest":43,"minecraft:crouch_one_cm":25874,"minecraft:fall_one_cm":80580},"minecraft:used":{"minecraft:oak_fence":107,"minecraft:stone_sword":56,"minecraft:light_gray_carpet":1,"minecraft:chest":2,"minecraft:shield":57,"minecraft:bell":1,"minecraft:wooden_shovel":3,"minecraft:cooked_chicken":2,"minecraft:rotten_flesh":1,"minecraft:torch":1,"minecraft:dirt":436,"minecraft:golden_shovel":33,"minecraft:granite":4,"minecraft:azure_bluet":2,"minecraft:obsidian":5,"minecraft:glass":52,"minecraft:oak_stairs":1,"minecraft:oak_sapling":2,"minecraft:furnace":4,"minecraft:egg":1,"minecraft:cooked_beef":5,"minecraft:cobbled_deepslate":23,"minecraft:golden_axe":31,"minecraft:wheat_seeds":9,"minecraft:cooked_mutton":5,"minecraft:water_bucket":2,"minecraft:birch_planks":2,"minecraft:stone_pickaxe":102,"minecraft:oak_planks":227,"minecraft:wooden_pickaxe":4,"minecraft:diamond_axe":701,"minecraft:fletching_table":6,"minecraft:sugar_cane":129,"minecraft:oak_slab":14,"minecraft:crafting_table":11,"minecraft:white_bed":3,"minecraft:diamond_pickaxe":78,"minecraft:apple":1,"minecraft:oxeye_daisy":1,"minecraft:diamond_shovel":991,"minecraft:bread":31,"minecraft:iron_pickaxe":246,"minecraft:lectern":1,"minecraft:gravel":111,"minecraft:green_carpet":4,"minecraft:diamond_sword":16,"minecraft:cobblestone":34,"minecraft:cooked_porkchop":2,"minecraft:stripped_oak_wood":1,"minecraft:bucket":3,"minecraft:andesite":17,"minecraft:yellow_bed":1,"minecraft:oak_boat":1,"minecraft:dandelion":3},"minecraft:picked_up":{"minecraft:crafting_table":14,"minecraft:wheat":37,"minecraft:azure_bluet":3,"minecraft:chicken":4,"minecraft:ladder":3,"minecraft:diamond_sword":3,"minecraft:wooden_pickaxe":1,"minecraft:oak_stairs":34,"minecraft:shield":4,"minecraft:oak_trapdoor":2,"minecraft:raw_copper":7,"minecraft:white_carpet":7,"minecraft:diamond_leggings":3,"minecraft:cobbled_deepslate":235,"minecraft:beef":5,"minecraft:oak_boat":5,"minecraft:rose_bush":1,"minecraft:poppy":3,"minecraft:lectern":3,"minecraft:sugar_cane":276,"minecraft:chest":1,"minecraft:birch_sapling":6,"minecraft:furnace":9,"minecraft:iron_boots":1,"minecraft:egg":1,"minecraft:stick":45,"minecraft:raw_iron":52,"minecraft:oak_fence":146,"minecraft:composter":1,"minecraft:torch":27,"minecraft:porkchop":12,"minecraft:carrot":6,"minecraft:golden_chestplate":3,"minecraft:rotten_flesh":3,"minecraft:arrow":6,"minecraft:diamond_chestplate":3,"minecraft:diamond_boots":3,"minecraft:hay_block":34,"minecraft:red_tulip":1,"minecraft:mutton":42,"minecraft:white_wool":40,"minecraft:cobblestone":272,"minecraft:oxeye_daisy":3,"minecraft:birch_log":98,"minecraft:feather":6,"minecraft:mud_bricks":14,"minecraft:andesite":17,"minecraft:leather":12,"minecraft:potato":3,"minecraft:birch_planks":6,"minecraft:packed_mud":2,"minecraft:flint":12,"minecraft:tuff":4,"minecraft:oak_log":299,"minecraft:yellow_bed":1,"minecraft:cobblestone_stairs":3,"minecraft:lapis_lazuli":41,"minecraft:dirt":778,"minecraft:cooked_mutton":3,"minecraft:bone":4,"minecraft:apple":3,"minecraft:kelp":6,"minecraft:orange_tulip":1,"minecraft:wheat_seeds":96,"minecraft:bell":1,"minecraft:oak_fence_gate":6,"minecraft:iron_ingot":3,"minecraft:diamond_helmet":3,"minecraft:stripped_oak_wood":4,"minecraft:fletching_table":2,"minecraft:oak_planks":60,"minecraft:cooked_porkchop":1,"minecraft:dandelion":16,"minecraft:gravel":130,"minecraft:sand":86,"minecraft:spruce_sapling":4,"minecraft:white_bed":4,"minecraft:spruce_log":8,"minecraft:green_carpet":4,"minecraft:mossy_cobblestone":5,"minecraft:diamond_shovel":1,"minecraft:diamond":52,"minecraft:iron_helmet":1,"minecraft:diamond_axe":3,"minecraft:granite":4,"minecraft:bread":27,"minecraft:oak_sapling":16,"minecraft:light_gray_carpet":1,"minecraft:coal":96,"minecraft:diamond_pickaxe":6}},"DataVersion":3839}