{"stats":{"minecraft:mined":{"minecraft:dragon_wall_head":1,"minecraft:white_bed":17,"minecraft:cobblestone_stairs":2,"minecraft:spruce_trapdoor":1,"minecraft:granite":3,"minecraft:grass_block":1056,"minecraft:purpur_slab":1,"minecraft:composter":1,"minecraft:iron_ore":30,"minecraft:fire":1,"minecraft:fletching_table":4,"minecraft:deepslate_lapis_ore":4,"minecraft:azure_bluet":1,"minecraft:dirt_path":36,"minecraft:oak_stairs":25,"minecraft:green_carpet":2,"minecraft:spruce_slab":1,"minecraft:powder_snow":12,"minecraft:clay":4,"minecraft:chest":1,"minecraft:nether_quartz_ore":30,"minecraft:cobblestone":54,"minecraft:oak_planks":57,"minecraft:sugar_cane":151,"minecraft:iron_door":1,"minecraft:wall_torch":1,"minecraft:warped_planks":1,"minecraft:stripped_oak_wood":1,"minecraft:purpur_block":3,"minecraft:oak_log":371,"minecraft:sand":120,"minecraft:dirt":301,"minecraft:stonecutter":2,"minecraft:netherrack":43,"minecraft:oak_leaves":63,"minecraft:deepslate":23,"minecraft:mossy_cobblestone":9,"minecraft:deepslate_diamond_ore":13,"minecraft:oak_door":1,"minecraft:end_stone":378,"minecraft:ladder":2,"minecraft:spruce_leaves":10,"minecraft:sandstone":17,"minecraft:hay_block":20,"minecraft:oak_trapdoor":4,"minecraft:furnace":4,"minecraft:carrots":9,"minecraft:andesite":10,"minecraft:bell":2,"minecraft:bookshelf":191,"minecraft:deepslate_iron_ore":9,"minecraft:stripped_oak_log":26,"minecraft:stone":182,"minecraft:ender_chest":1,"minecraft:oak_slab":5,"minecraft:glass_pane":2,"minecraft:dandelion":3,"minecraft:oak_fence":7,"minecraft:crafting_table":10,"minecraft:short_grass":189,"minecraft:lectern":471,"minecraft:tall_grass":19,"minecraft:copper_ore":3,"minecraft:diorite":1,"minecraft:warped_wart_block":3,"minecraft:white_carpet":1,"minecraft:spruce_log":25,"minecraft:birch_leaves":3,"minecraft:yellow_bed":6,"minecraft:coal_ore":30,"minecraft:cobweb":9,"minecraft:terracotta":3,"minecraft:stone_bricks":1,"minecraft:mossy_stone_bricks":1,"minecraft:gold_ore":1},"minecraft:killed_by":{"minecraft:zombie":1,"minecraft:ender_dragon":1},"minecraft:killed":{"minecraft:spider":2,"minecraft:shulker":20,"minecraft:skeleton":15,"minecraft:chicken":3,"minecraft:magma_cube":13,"minecraft:pig":5,"minecraft:iron_golem":1,"minecraft:ender_dragon":1,"minecraft:creeper":1,"minecraft:sheep":17,"minecraft:zombie":9,"minecraft:blaze":2,"minecraft:cow":12,"minecraft:endermite":1,"minecraft:horse":2,"minecraft:drowned":1,"minecraft:husk":1,"minecraft:wither_skeleton":2,"minecraft:enderman":5},"minecraft:dropped":{"minecraft:crafting_table":1,"minecraft:cooked_porkchop":1,"minecraft:emerald":23,"minecraft:dirt":2,"minecraft:cornflower":1,"minecraft:sand":21,"minecraft:iron_pickaxe":1,"minecraft:bone":6,"minecraft:gravel":4,"minecraft:stone_axe":2,"minecraft:sugar_cane":2,"minecraft:cobbled_deepslate":15,"minecraft:birch_sapling":1,"minecraft:rotten_flesh":8,"minecraft:oak_planks":9,"minecraft:cooked_mutton":2,"minecraft:gunpowder":2,"minecraft:arrow":4,"minecraft:quartz":30,"minecraft:lectern":4,"minecraft:water_bucket":1,"minecraft:bread":9,"minecraft:wheat_seeds":2,"minecraft:diamond_leggings":1,"minecraft:feather":6,"minecraft:iron_helmet":2,"minecraft:cobblestone":1,"minecraft:granite":4,"minecraft:stick":16,"minecraft:iron_door":1,"minecraft:green_carpet":4,"minecraft:iron_axe":1,"minecraft:string":5,"minecraft:oak_trapdoor":2,"minecraft:raw_copper":13,"minecraft:white_carpet":2,"minecraft:iron_boots":1,"minecraft:filled_map":1,"minecraft:diamond_sword":3,"minecraft:diamond_pickaxe":3,"minecraft:dragon_egg":1,"minecraft:andesite":6,"minecraft:oak_boat":2,"minecraft:oak_sapling":10,"minecraft:stone_bricks":2,"minecraft:spider_eye":4,"minecraft:diamond_boots":1,"minecraft:sandstone":16,"minecraft:stone_pickaxe":2,"minecraft:wooden_pickaxe":1},"minecraft:picked_up":{"minecraft:shulker_shell":10,"minecraft:diamond_sword":4,"minecraft:oak_stairs":23,"minecraft:enchanted_book":2,"minecraft:string":9,"minecraft:raw_copper":18,"minecraft:diamond_leggings":2,"minecraft:cobbled_deepslate":109,"minecraft:eye_armor_trim_smithing_template":3,"minecraft:ender_eye":22,"minecraft:iron_pickaxe":1,"minecraft:furnace":4,"minecraft:stick":39,"minecraft:composter":1,"minecraft:oak_fence":7,"minecraft:torch":14,"minecraft:porkchop":7,"minecraft:diorite":1,"minecraft:warped_planks":3,"minecraft:stone_sword":1,"minecraft:rotten_flesh":19,"minecraft:obsidian":8,"minecraft:cobblestone":292,"minecraft:feather":6,"minecraft:cooked_beef":26,"minecraft:magma_cream":1,"minecraft:iron_door":1,"minecraft:water_bucket":2,"minecraft:andesite":10,"minecraft:lapis_lazuli":78,"minecraft:dirt":1441,"minecraft:bone":21,"minecraft:bow":1,"minecraft:stonecutter":2,"minecraft:wheat_seeds":36,"minecraft:raw_gold":1,"minecraft:bell":3,"minecraft:mossy_stone_bricks":1,"minecraft:fletching_table":4,"minecraft:diamond_helmet":1,"minecraft:oak_planks":145,"minecraft:warped_wart_block":3,"minecraft:oak_pressure_plate":1,"minecraft:sand":117,"minecraft:shulker_box":1,"minecraft:mossy_cobblestone":10,"minecraft:iron_hoe":1,"minecraft:diamond":30,"minecraft:granite":4,"minecraft:emerald":61,"minecraft:bread":32,"minecraft:netherrack":45,"minecraft:oak_sapling":18,"minecraft:light_gray_carpet":1,"minecraft:chorus_fruit":3,"minecraft:diamond_pickaxe":4,"minecraft:crafting_table":11,"minecraft:azure_bluet":2,"minecraft:chicken":3,"minecraft:ladder":2,"minecraft:clay_ball":16,"minecraft:wooden_pickaxe":1,"minecraft:dragon_head":1,"minecraft:purpur_block":3,"minecraft:shield":2,"minecraft:cornflower":1,"minecraft:oak_trapdoor":5,"minecraft:iron_axe":1,"minecraft:elytra":1,"minecraft:white_carpet":2,"minecraft:beef":21,"minecraft:oak_boat":13,"minecraft:poppy":2,"minecraft:spruce_slab":1,"minecraft:lectern":474,"minecraft:chest":1,"minecraft:sugar_cane":347,"minecraft:birch_sapling":1,"minecraft:spruce_trapdoor":1,"minecraft:raw_iron":39,"minecraft:sandstone":17,"minecraft:end_stone":501,"minecraft:oak_door":1,"minecraft:carrot":14,"minecraft:arrow":239,"minecraft:diamond_chestplate":1,"minecraft:nether_bricks":1,"minecraft:diamond_boots":2,"minecraft:purpur_slab":1,"minecraft:hay_block":20,"minecraft:mutton":25,"minecraft:white_wool":15,"minecraft:oxeye_daisy":1,"minecraft:stripped_oak_log":26,"minecraft:leather":12,"minecraft:oak_log":371,"minecraft:yellow_bed":7,"minecraft:gunpowder":2,"minecraft:cobblestone_stairs":2,"minecraft:cooked_mutton":3,"minecraft:apple":4,"minecraft:stone_bricks":3,"minecraft:iron_ingot":4,"minecraft:stone_pickaxe":2,"minecraft:stripped_oak_wood":1,"minecraft:book":573,"minecraft:oak_slab":5,"minecraft:quartz":30,"minecraft:dandelion":16,"minecraft:gravel":4,"minecraft:spruce_sapling":1,"minecraft:white_bed":18,"minecraft:spruce_log":25,"minecraft:dragon_egg":1,"minecraft:green_carpet":6,"minecraft:spider_eye":4,"minecraft:stone_axe":2,"minecraft:iron_helmet":1,"minecraft:gray_wool":1,"minecraft:terracotta":3,"minecraft:black_wool":1,"minecraft:warped_nylium":2,"minecraft:coal":62,"minecraft:ender_pearl":9},"minecraft:broken":{"minecraft:iron_axe":2},"minecraft:used":{"minecraft:iron_shovel":255,"minecraft:elytra":1,"minecraft:ladder":4,"minecraft:chest":15,"minecraft:shield":18,"minecraft:bell":3,"minecraft:mutton":1,"minecraft:carrot":20,"minecraft:stone_bricks":1,"minecraft:bow":87,"minecraft:hay_block":4,"minecraft:furnace":8,"minecraft:stone_pickaxe":128,"minecraft:oak_planks":181,"minecraft:ender_pearl":9,"minecraft:wooden_pickaxe":11,"minecraft:sandstone":1,"minecraft:composter":1,"minecraft:sugar_cane":62,"minecraft:diamond_axe":204,"minecraft:sand":73,"minecraft:end_stone":496,"minecraft:bread":90,"minecraft:lectern":476,"minecraft:diamond_sword":382,"minecraft:grindstone":1,"minecraft:andesite":4,"minecraft:oak_boat":12,"minecraft:oak_trapdoor":18,"minecraft:oak_fence":7,"minecraft:enchanting_table":1,"minecraft:flint_and_steel":1,"minecraft:cooked_chicken":2,"minecraft:oak_door":1,"minecraft:torch":74,"minecraft:dirt":499,"minecraft:shulker_box":7,"minecraft:iron_hoe":85,"minecraft:bookshelf":16,"minecraft:iron_axe":986,"minecraft:oak_stairs":2,"minecraft:cooked_beef":14,"minecraft:cobbled_deepslate":40,"minecraft:cooked_mutton":7,"minecraft:water_bucket":85,"minecraft:cobblestone_stairs":1,"minecraft:fletching_table":5,"minecraft:terracotta":2,"minecraft:oak_slab":8,"minecraft:crafting_table":16,"minecraft:white_bed":16,"minecraft:warped_planks":3,"minecraft:oak_log":2,"minecraft:ender_eye":16,"minecraft:diamond_pickaxe":685,"minecraft:apple":1,"minecraft:diamond_shovel":1228,"minecraft:chicken":3,"minecraft:iron_pickaxe":53,"minecraft:stone_axe":134,"minecraft:green_carpet":2,"minecraft:cobblestone":162,"minecraft:cooked_porkchop":6,"minecraft:bucket":86,"minecraft:yellow_bed":8},"minecraft:custom":{"minecraft:animals_bred":19,"minecraft:interact_with_crafting_table":78,"minecraft:open_shulker_box":1,"minecraft:bell_ring":16,"minecraft:leave_game":29,"minecraft:time_since_death":208921,"minecraft:sprint_one_cm":1588108,"minecraft:damage_blocked_by_shield":1023,"minecraft:drop":79,"minecraft:talked_to_villager":787,"minecraft:play_time":584686,"minecraft:deaths":2,"minecraft:jump":7651,"minecraft:interact_with_brewingstand":1,"minecraft:walk_on_water_one_cm":40678,"minecraft:enchant_item":22,"minecraft:interact_with_furnace":98,"minecraft:traded_with_villager":73,"minecraft:sleep_in_bed":22,"minecraft:damage_dealt":18811,"minecraft:player_kills":1,"minecraft:crouch_one_cm":109809,"minecraft:mob_kills":115,"minecraft:interact_with_anvil":1,"minecraft:climb_one_cm":18030,"minecraft:walk_one_cm":2330646,"minecraft:sneak_time":27618,"minecraft:walk_under_water_one_cm":23233,"minecraft:boat_one_cm":432131,"minecraft:total_world_time":584686,"minecraft:interact_with_grindstone":13,"minecraft:time_since_rest":22328,"minecraft:damage_taken":4823,"minecraft:swim_one_cm":75127,"minecraft:fly_one_cm":1691384,"minecraft:open_chest":213,"minecraft:aviate_one_cm":5680,"minecraft:fall_one_cm":198299},"minecraft:crafted":{"minecraft:grindstone":1,"minecraft:smooth_stone":3,"minecraft:oak_planks":1536,"minecraft:cooked_chicken":2,"minecraft:stone":6,"minecraft:diamond_shovel":1,"minecraft:bookshelf":22,"minecraft:shulker_box":7,"minecraft:cooked_mutton":17,"minecraft:diamond_helmet":1,"minecraft:diamond_leggings":1,"minecraft:bow":1,"minecraft:iron_boots":1,"minecraft:chest":20,"minecraft:oak_slab":36,"minecraft:arrow":144,"minecraft:emerald":57,"minecraft:cooked_porkchop":7,"minecraft:crafting_table":8,"minecraft:spruce_planks":64,"minecraft:wooden_pickaxe":1,"minecraft:iron_helmet":1,"minecraft:fletching_table":1,"minecraft:lectern":6,"minecraft:book":12,"minecraft:paper":63,"minecraft:diamond_pickaxe":1,"minecraft:yellow_dye":14,"minecraft:shield":1,"minecraft:stick":1878,"minecraft:stone_slab":6,"minecraft:iron_ingot":48,"minecraft:iron_pickaxe":1,"minecraft:oak_door":3,"minecraft:smooth_stone_slab":6,"minecraft:furnace":2,"minecraft:yellow_bed":2,"minecraft:bone_meal":9,"minecraft:oak_trapdoor":16,"minecraft:iron_axe":5,"minecraft:ladder":3,"minecraft:iron_hoe":1,"minecraft:stone_pickaxe":1,"minecraft:diamond_boots":1,"minecraft:wheat":144,"minecraft:cooked_beef":41,"minecraft:diamond_sword":2,"minecraft:enchanting_table":1,"minecraft:bucket":2,"minecraft:stone_axe":2,"minecraft:enchanted_book":4,"minecraft:bread":42,"minecraft:air":0,"minecraft:oak_boat":6,"minecraft:iron_shovel":2,"minecraft:white_bed":1,"minecraft:torch":104,"minecraft:diamond_chestplate":1}},"DataVersion":3839}