{"stats":{"minecraft:crafted":{"minecraft:oak_door":3,"minecraft:oak_planks":1108,"minecraft:cooked_chicken":2,"minecraft:furnace":2,"minecraft:yellow_bed":2,"minecraft:bone_meal":9,"minecraft:bookshelf":7,"minecraft:cooked_mutton":9,"minecraft:oak_trapdoor":4,"minecraft:diamond_helmet":1,"minecraft:diamond_leggings":1,"minecraft:iron_boots":1,"minecraft:iron_axe":4,"minecraft:ladder":3,"minecraft:iron_hoe":1,"minecraft:stone_pickaxe":1,"minecraft:chest":10,"minecraft:diamond_boots":1,"minecraft:wheat":144,"minecraft:oak_slab":30,"minecraft:diamond_sword":1,"minecraft:emerald":48,"minecraft:cooked_porkchop":7,"minecraft:crafting_table":5,"minecraft:spruce_planks":64,"minecraft:wooden_pickaxe":1,"minecraft:iron_helmet":1,"minecraft:fletching_table":1,"minecraft:bucket":2,"minecraft:stone_axe":2,"minecraft:enchanted_book":3,"minecraft:bread":42,"minecraft:air":0,"minecraft:oak_boat":4,"minecraft:lectern":5,"minecraft:book":12,"minecraft:paper":63,"minecraft:diamond_pickaxe":1,"minecraft:yellow_dye":14,"minecraft:stick":1566,"minecraft:iron_ingot":48,"minecraft:iron_pickaxe":1,"minecraft:iron_shovel":2,"minecraft:white_bed":1,"minecraft:torch":68,"minecraft:diamond_chestplate":1},"minecraft:killed":{"minecraft:spider":1,"minecraft:horse":2,"minecraft:skeleton":5,"minecraft:chicken":3,"minecraft:pig":5,"minecraft:iron_golem":1,"minecraft:sheep":12,"minecraft:zombie":5,"minecraft:cow":10},"minecraft:dropped":{"minecraft:bread":9,"minecraft:wheat_seeds":1,"minecraft:cooked_porkchop":1,"minecraft:feather":6,"minecraft:iron_helmet":2,"minecraft:cobblestone":1,"minecraft:granite":4,"minecraft:stick":14,"minecraft:emerald":23,"minecraft:dirt":2,"minecraft:green_carpet":4,"minecraft:sand":16,"minecraft:iron_pickaxe":1,"minecraft:bone":3,"minecraft:gravel":4,"minecraft:stone_axe":2,"minecraft:sugar_cane":1,"minecraft:cobbled_deepslate":15,"minecraft:raw_copper":13,"minecraft:birch_sapling":1,"minecraft:white_carpet":2,"minecraft:rotten_flesh":2,"minecraft:oak_planks":2,"minecraft:iron_boots":1,"minecraft:cooked_mutton":2,"minecraft:filled_map":1,"minecraft:andesite":6,"minecraft:oak_boat":1,"minecraft:oak_sapling":10,"minecraft:arrow":4,"minecraft:wooden_pickaxe":1,"minecraft:stone_pickaxe":2,"minecraft:lectern":3},"minecraft:broken":{"minecraft:iron_axe":1},"minecraft:killed_by":{"minecraft:zombie":1},"minecraft:mined":{"minecraft:white_bed":16,"minecraft:mossy_cobblestone":9,"minecraft:deepslate_diamond_ore":13,"minecraft:oak_door":1,"minecraft:cobblestone_stairs":1,"minecraft:spruce_trapdoor":1,"minecraft:granite":3,"minecraft:ladder":2,"minecraft:grass_block":98,"minecraft:spruce_leaves":10,"minecraft:composter":1,"minecraft:hay_block":20,"minecraft:carrots":9,"minecraft:furnace":4,"minecraft:iron_ore":30,"minecraft:andesite":10,"minecraft:fletching_table":4,"minecraft:deepslate_lapis_ore":4,"minecraft:bell":2,"minecraft:bookshelf":1,"minecraft:dirt_path":27,"minecraft:deepslate_iron_ore":9,"minecraft:oak_stairs":25,"minecraft:green_carpet":2,"minecraft:stripped_oak_log":26,"minecraft:stone":150,"minecraft:spruce_slab":1,"minecraft:oak_slab":3,"minecraft:glass_pane":2,"minecraft:dandelion":1,"minecraft:powder_snow":12,"minecraft:oak_fence":7,"minecraft:clay":4,"minecraft:crafting_table":8,"minecraft:short_grass":19,"minecraft:chest":1,"minecraft:lectern":308,"minecraft:cobblestone":53,"minecraft:copper_ore":3,"minecraft:tall_grass":6,"minecraft:sugar_cane":24,"minecraft:oak_planks":49,"minecraft:diorite":1,"minecraft:wall_torch":1,"minecraft:white_carpet":1,"minecraft:spruce_log":25,"minecraft:birch_leaves":3,"minecraft:stripped_oak_wood":1,"minecraft:yellow_bed":6,"minecraft:oak_log":268,"minecraft:coal_ore":30,"minecraft:sand":19,"minecraft:dirt":145,"minecraft:terracotta":3,"minecraft:stonecutter":2,"minecraft:gold_ore":1,"minecraft:oak_leaves":45,"minecraft:deepslate":13},"minecraft:custom":{"minecraft:mob_kills":44,"minecraft:interact_with_crafting_table":54,"minecraft:bell_ring":16,"minecraft:leave_game":13,"minecraft:time_since_death":257871,"minecraft:climb_one_cm":2578,"minecraft:sprint_one_cm":706763,"minecraft:walk_one_cm":1053256,"minecraft:damage_blocked_by_shield":170,"minecraft:drop":47,"minecraft:talked_to_villager":512,"minecraft:play_time":277450,"minecraft:deaths":1,"minecraft:sneak_time":6707,"minecraft:walk_under_water_one_cm":7223,"minecraft:boat_one_cm":395452,"minecraft:jump":3585,"minecraft:walk_on_water_one_cm":14797,"minecraft:total_world_time":277450,"minecraft:interact_with_furnace":60,"minecraft:traded_with_villager":54,"minecraft:sleep_in_bed":14,"minecraft:time_since_rest":21269,"minecraft:damage_taken":1295,"minecraft:damage_dealt":5716,"minecraft:swim_one_cm":12583,"minecraft:fly_one_cm":687044,"minecraft:open_chest":80,"minecraft:crouch_one_cm":19598,"minecraft:fall_one_cm":94191},"minecraft:used":{"minecraft:oak_fence":7,"minecraft:oak_trapdoor":4,"minecraft:iron_shovel":255,"minecraft:ladder":4,"minecraft:chest":11,"minecraft:shield":6,"minecraft:bell":3,"minecraft:cooked_chicken":2,"minecraft:oak_door":1,"minecraft:torch":39,"minecraft:dirt":186,"minecraft:mutton":1,"minecraft:carrot":20,"minecraft:iron_hoe":84,"minecraft:bookshelf":1,"minecraft:iron_axe":697,"minecraft:oak_stairs":2,"minecraft:hay_block":4,"minecraft:furnace":8,"minecraft:cooked_mutton":7,"minecraft:water_bucket":3,"minecraft:stone_pickaxe":128,"minecraft:oak_planks":162,"minecraft:wooden_pickaxe":11,"minecraft:composter":1,"minecraft:fletching_table":5,"minecraft:terracotta":2,"minecraft:crafting_table":13,"minecraft:oak_slab":3,"minecraft:white_bed":15,"minecraft:oak_log":2,"minecraft:diamond_pickaxe":160,"minecraft:apple":1,"minecraft:bread":21,"minecraft:chicken":3,"minecraft:iron_pickaxe":53,"minecraft:lectern":312,"minecraft:stone_axe":134,"minecraft:green_carpet":2,"minecraft:diamond_sword":50,"minecraft:cobblestone":127,"minecraft:cooked_porkchop":6,"minecraft:bucket":3,"minecraft:andesite":4,"minecraft:yellow_bed":8,"minecraft:oak_boat":11},"minecraft:picked_up":{"minecraft:crafting_table":9,"minecraft:chicken":3,"minecraft:ladder":2,"minecraft:clay_ball":16,"minecraft:wooden_pickaxe":1,"minecraft:oak_stairs":23,"minecraft:shield":1,"minecraft:raw_copper":18,"minecraft:white_carpet":2,"minecraft:cobbled_deepslate":15,"minecraft:beef":18,"minecraft:oak_boat":10,"minecraft:iron_pickaxe":1,"minecraft:spruce_slab":1,"minecraft:lectern":310,"minecraft:sugar_cane":70,"minecraft:chest":1,"minecraft:birch_sapling":1,"minecraft:spruce_trapdoor":1,"minecraft:furnace":4,"minecraft:stick":34,"minecraft:raw_iron":39,"minecraft:oak_door":1,"minecraft:composter":1,"minecraft:oak_fence":7,"minecraft:torch":6,"minecraft:porkchop":7,"minecraft:diorite":1,"minecraft:carrot":14,"minecraft:stone_sword":1,"minecraft:arrow":5,"minecraft:rotten_flesh":2,"minecraft:hay_block":20,"minecraft:mutton":17,"minecraft:white_wool":12,"minecraft:cobblestone":244,"minecraft:stripped_oak_log":26,"minecraft:feather":6,"minecraft:andesite":10,"minecraft:leather":10,"minecraft:oak_log":268,"minecraft:yellow_bed":6,"minecraft:cobblestone_stairs":1,"minecraft:lapis_lazuli":28,"minecraft:dirt":287,"minecraft:bone":8,"minecraft:apple":4,"minecraft:stonecutter":2,"minecraft:wheat_seeds":7,"minecraft:raw_gold":1,"minecraft:bell":3,"minecraft:iron_ingot":4,"minecraft:stone_pickaxe":2,"minecraft:stripped_oak_wood":1,"minecraft:fletching_table":4,"minecraft:oak_planks":58,"minecraft:book":3,"minecraft:oak_slab":2,"minecraft:dandelion":1,"minecraft:oak_pressure_plate":1,"minecraft:gravel":4,"minecraft:sand":16,"minecraft:spruce_sapling":1,"minecraft:white_bed":16,"minecraft:spruce_log":25,"minecraft:green_carpet":6,"minecraft:mossy_cobblestone":10,"minecraft:diamond":28,"minecraft:stone_axe":2,"minecraft:iron_helmet":1,"minecraft:granite":4,"minecraft:emerald":61,"minecraft:terracotta":3,"minecraft:oak_sapling":17,"minecraft:light_gray_carpet":1,"minecraft:coal":60}},"DataVersion":3839}