{"stats":{"minecraft:broken":{"minecraft:iron_axe":1},"minecraft:killed":{"minecraft:spider":1,"minecraft:horse":2,"minecraft:skeleton":7,"minecraft:chicken":3,"minecraft:pig":5,"minecraft:iron_golem":1,"minecraft:sheep":17,"minecraft:zombie":5,"minecraft:wither_skeleton":2,"minecraft:blaze":2,"minecraft:cow":12},"minecraft:mined":{"minecraft:white_bed":16,"minecraft:mossy_cobblestone":9,"minecraft:deepslate_diamond_ore":13,"minecraft:oak_door":1,"minecraft:cobblestone_stairs":2,"minecraft:spruce_trapdoor":1,"minecraft:ladder":2,"minecraft:granite":3,"minecraft:grass_block":99,"minecraft:spruce_leaves":10,"minecraft:composter":1,"minecraft:hay_block":20,"minecraft:oak_trapdoor":1,"minecraft:furnace":4,"minecraft:carrots":9,"minecraft:iron_ore":30,"minecraft:fire":1,"minecraft:andesite":10,"minecraft:deepslate_lapis_ore":4,"minecraft:fletching_table":4,"minecraft:bell":2,"minecraft:bookshelf":1,"minecraft:deepslate_iron_ore":9,"minecraft:dirt_path":27,"minecraft:oak_stairs":25,"minecraft:green_carpet":2,"minecraft:stripped_oak_log":26,"minecraft:stone":150,"minecraft:spruce_slab":1,"minecraft:oak_slab":5,"minecraft:glass_pane":2,"minecraft:dandelion":1,"minecraft:powder_snow":12,"minecraft:oak_fence":7,"minecraft:crafting_table":9,"minecraft:clay":4,"minecraft:short_grass":23,"minecraft:chest":1,"minecraft:nether_quartz_ore":30,"minecraft:lectern":470,"minecraft:cobblestone":53,"minecraft:copper_ore":3,"minecraft:tall_grass":9,"minecraft:sugar_cane":25,"minecraft:oak_planks":49,"minecraft:diorite":1,"minecraft:wall_torch":1,"minecraft:warped_wart_block":3,"minecraft:white_carpet":1,"minecraft:spruce_log":25,"minecraft:birch_leaves":3,"minecraft:stripped_oak_wood":1,"minecraft:yellow_bed":6,"minecraft:coal_ore":30,"minecraft:oak_log":307,"minecraft:sand":19,"minecraft:dirt":156,"minecraft:terracotta":3,"minecraft:stonecutter":2,"minecraft:netherrack":43,"minecraft:gold_ore":1,"minecraft:oak_leaves":48,"minecraft:deepslate":13},"minecraft:crafted":{"minecraft:oak_door":3,"minecraft:oak_planks":1280,"minecraft:cooked_chicken":2,"minecraft:furnace":2,"minecraft:yellow_bed":2,"minecraft:bone_meal":9,"minecraft:bookshelf":7,"minecraft:cooked_mutton":9,"minecraft:oak_trapdoor":4,"minecraft:diamond_helmet":1,"minecraft:diamond_leggings":1,"minecraft:iron_boots":1,"minecraft:iron_axe":5,"minecraft:ladder":3,"minecraft:iron_hoe":1,"minecraft:stone_pickaxe":1,"minecraft:chest":10,"minecraft:diamond_boots":1,"minecraft:wheat":144,"minecraft:oak_slab":36,"minecraft:diamond_sword":1,"minecraft:emerald":48,"minecraft:cooked_porkchop":7,"minecraft:crafting_table":6,"minecraft:spruce_planks":64,"minecraft:wooden_pickaxe":1,"minecraft:iron_helmet":1,"minecraft:fletching_table":1,"minecraft:bucket":2,"minecraft:stone_axe":2,"minecraft:enchanted_book":3,"minecraft:bread":42,"minecraft:air":0,"minecraft:oak_boat":5,"minecraft:lectern":6,"minecraft:book":12,"minecraft:paper":63,"minecraft:diamond_pickaxe":1,"minecraft:yellow_dye":14,"minecraft:shield":1,"minecraft:stick":1566,"minecraft:iron_ingot":48,"minecraft:iron_pickaxe":1,"minecraft:iron_shovel":2,"minecraft:white_bed":1,"minecraft:torch":68,"minecraft:diamond_chestplate":1},"minecraft:dropped":{"minecraft:bread":9,"minecraft:wheat_seeds":1,"minecraft:cooked_porkchop":1,"minecraft:feather":6,"minecraft:iron_helmet":2,"minecraft:cobblestone":1,"minecraft:granite":4,"minecraft:stick":14,"minecraft:emerald":23,"minecraft:dirt":2,"minecraft:green_carpet":4,"minecraft:iron_axe":1,"minecraft:sand":16,"minecraft:iron_pickaxe":1,"minecraft:bone":3,"minecraft:gravel":4,"minecraft:stone_axe":2,"minecraft:sugar_cane":2,"minecraft:cobbled_deepslate":15,"minecraft:raw_copper":13,"minecraft:birch_sapling":1,"minecraft:white_carpet":2,"minecraft:rotten_flesh":2,"minecraft:oak_planks":2,"minecraft:iron_boots":1,"minecraft:cooked_mutton":2,"minecraft:filled_map":1,"minecraft:andesite":6,"minecraft:oak_boat":2,"minecraft:oak_sapling":10,"minecraft:arrow":4,"minecraft:wooden_pickaxe":1,"minecraft:stone_pickaxe":2,"minecraft:lectern":3},"minecraft:used":{"minecraft:oak_fence":7,"minecraft:oak_trapdoor":4,"minecraft:iron_shovel":255,"minecraft:flint_and_steel":1,"minecraft:ladder":4,"minecraft:chest":11,"minecraft:shield":6,"minecraft:bell":3,"minecraft:cooked_chicken":2,"minecraft:oak_door":1,"minecraft:torch":39,"minecraft:dirt":215,"minecraft:mutton":1,"minecraft:carrot":20,"minecraft:iron_hoe":84,"minecraft:bookshelf":1,"minecraft:iron_axe":908,"minecraft:oak_stairs":2,"minecraft:hay_block":4,"minecraft:furnace":8,"minecraft:cooked_mutton":7,"minecraft:water_bucket":6,"minecraft:cobblestone_stairs":1,"minecraft:stone_pickaxe":128,"minecraft:oak_planks":162,"minecraft:wooden_pickaxe":11,"minecraft:composter":1,"minecraft:fletching_table":5,"minecraft:terracotta":2,"minecraft:crafting_table":14,"minecraft:oak_slab":8,"minecraft:white_bed":15,"minecraft:oak_log":2,"minecraft:diamond_pickaxe":235,"minecraft:apple":1,"minecraft:bread":37,"minecraft:chicken":3,"minecraft:iron_pickaxe":53,"minecraft:lectern":475,"minecraft:stone_axe":134,"minecraft:green_carpet":2,"minecraft:diamond_sword":80,"minecraft:cobblestone":127,"minecraft:cooked_porkchop":6,"minecraft:bucket":7,"minecraft:andesite":4,"minecraft:yellow_bed":8,"minecraft:oak_boat":11},"minecraft:picked_up":{"minecraft:crafting_table":10,"minecraft:chicken":3,"minecraft:ladder":2,"minecraft:clay_ball":16,"minecraft:wooden_pickaxe":1,"minecraft:oak_stairs":23,"minecraft:shield":1,"minecraft:oak_trapdoor":1,"minecraft:raw_copper":18,"minecraft:iron_axe":1,"minecraft:white_carpet":2,"minecraft:cobbled_deepslate":15,"minecraft:beef":21,"minecraft:oak_boat":11,"minecraft:spruce_slab":1,"minecraft:iron_pickaxe":1,"minecraft:lectern":472,"minecraft:sugar_cane":71,"minecraft:chest":1,"minecraft:birch_sapling":1,"minecraft:spruce_trapdoor":1,"minecraft:furnace":4,"minecraft:stick":36,"minecraft:raw_iron":39,"minecraft:oak_door":1,"minecraft:composter":1,"minecraft:oak_fence":7,"minecraft:torch":6,"minecraft:porkchop":7,"minecraft:diorite":1,"minecraft:carrot":14,"minecraft:rotten_flesh":2,"minecraft:stone_sword":1,"minecraft:arrow":7,"minecraft:nether_bricks":1,"minecraft:hay_block":20,"minecraft:mutton":25,"minecraft:white_wool":15,"minecraft:cobblestone":244,"minecraft:stripped_oak_log":26,"minecraft:feather":6,"minecraft:andesite":10,"minecraft:leather":12,"minecraft:oak_log":307,"minecraft:yellow_bed":6,"minecraft:cobblestone_stairs":2,"minecraft:lapis_lazuli":28,"minecraft:dirt":299,"minecraft:bone":13,"minecraft:apple":4,"minecraft:stonecutter":2,"minecraft:wheat_seeds":7,"minecraft:raw_gold":1,"minecraft:bell":3,"minecraft:iron_ingot":4,"minecraft:stone_pickaxe":2,"minecraft:stripped_oak_wood":1,"minecraft:fletching_table":4,"minecraft:oak_planks":58,"minecraft:book":3,"minecraft:oak_slab":5,"minecraft:quartz":30,"minecraft:warped_wart_block":3,"minecraft:dandelion":1,"minecraft:oak_pressure_plate":1,"minecraft:gravel":4,"minecraft:sand":16,"minecraft:spruce_sapling":1,"minecraft:white_bed":16,"minecraft:spruce_log":25,"minecraft:green_carpet":6,"minecraft:mossy_cobblestone":10,"minecraft:diamond":28,"minecraft:stone_axe":2,"minecraft:iron_helmet":1,"minecraft:granite":4,"minecraft:warped_nylium":2,"minecraft:gray_wool":1,"minecraft:netherrack":45,"minecraft:emerald":61,"minecraft:terracotta":3,"minecraft:oak_sapling":17,"minecraft:light_gray_carpet":1,"minecraft:black_wool":1,"minecraft:coal":62},"minecraft:killed_by":{"minecraft:zombie":1},"minecraft:custom":{"minecraft:mob_kills":57,"minecraft:animals_bred":19,"minecraft:interact_with_crafting_table":57,"minecraft:bell_ring":16,"minecraft:leave_game":17,"minecraft:time_since_death":315393,"minecraft:climb_one_cm":5294,"minecraft:sprint_one_cm":861208,"minecraft:walk_one_cm":1349575,"minecraft:damage_blocked_by_shield":170,"minecraft:drop":50,"minecraft:talked_to_villager":750,"minecraft:play_time":334972,"minecraft:deaths":1,"minecraft:sneak_time":9110,"minecraft:walk_under_water_one_cm":7993,"minecraft:boat_one_cm":395452,"minecraft:jump":4490,"minecraft:walk_on_water_one_cm":16946,"minecraft:total_world_time":334972,"minecraft:interact_with_furnace":60,"minecraft:traded_with_villager":54,"minecraft:sleep_in_bed":17,"minecraft:time_since_rest":16267,"minecraft:damage_taken":1844,"minecraft:damage_dealt":7486,"minecraft:swim_one_cm":28106,"minecraft:fly_one_cm":858663,"minecraft:open_chest":96,"minecraft:crouch_one_cm":27833,"minecraft:fall_one_cm":118949}},"DataVersion":3839}