{"stats":{"minecraft:used":{"minecraft:creeper_spawn_egg":9,"minecraft:wooden_sword":20,"minecraft:crafting_table":1,"minecraft:stone_pickaxe":9,"minecraft:birch_boat":2,"minecraft:wooden_pickaxe":3},"minecraft:mined":{"minecraft:short_grass":1,"minecraft:birch_log":4,"minecraft:iron_ore":8,"minecraft:stone":4},"minecraft:picked_up":{"minecraft:birch_log":6,"minecraft:raw_iron":15,"minecraft:gunpowder":2,"minecraft:dirt":19,"minecraft:cobblestone":4},"minecraft:custom":{"minecraft:time_since_rest":11674,"minecraft:crouch_one_cm":421,"minecraft:play_time":11674,"minecraft:sprint_one_cm":4532,"minecraft:damage_taken":63,"minecraft:walk_one_cm":20084,"minecraft:sneak_time":188,"minecraft:walk_under_water_one_cm":3353,"minecraft:mob_kills":2,"minecraft:boat_one_cm":54995,"minecraft:drop":10,"minecraft:jump":48,"minecraft:damage_dealt":860,"minecraft:leave_game":2,"minecraft:walk_on_water_one_cm":429,"minecraft:time_since_death":11674,"minecraft:total_world_time":11674,"minecraft:interact_with_crafting_table":2,"minecraft:fall_one_cm":209,"minecraft:fly_one_cm":100306},"minecraft:dropped":{"minecraft:cobblestone":1,"minecraft:birch_log":2,"minecraft:raw_iron":7},"minecraft:killed":{"minecraft:creeper":2},"minecraft:crafted":{"minecraft:birch_planks":16,"minecraft:crafting_table":1,"minecraft:stick":8,"minecraft:wooden_pickaxe":1,"minecraft:stone_pickaxe":1}},"DataVersion":3839}